CL01Co1;2013;23/08/2013;31/12/2013;44787.9476113673;0.0344522673933594;0.0997714311184819;0.0401515922651814;-0.0218713529374379;0.0341749549457895;56423.6676799554;0.0434028212922735;0.126698087809903;0.0517597458004512;-0.0238053559064152
CL01Co1;2014;31/12/2013;31/12/2014;80916.8145389641;0.0601706868972836;0.0601706868972836;0.0557386090462714;-0.0453603049131589;0.0342906485588994;212357.775351227;0.15655711442609;0.15655711442609;0.0645259374612117;-0.0409036006688477
CL01Co1;2015;31/12/2014;31/12/2015;98769.5744280268;0.0692777193779284;0.0692777193779284;0.10225561901057;-0.0861095221083071;0.0486883645860701;84699.0629942636;0.0539903524295959;0.0539903524295959;0.104238767261046;-0.115836997494577
CL01Co1;2016;31/12/2015;11/02/2016;-94378.3334875151;-0.0619087715830918;-0.426152510189275;0.132539508147606;-0.0619102525770426;0.0596286758315761;-129850.076572816;-0.0785313622383995;-0.508731249150703;0.140961160553179;-0.0785313622383995
CL01Co1;Global;23/08/2013;11/02/2016;130096.003090843;0.100073848531418;0.0393494953882618;0.081043019492376;-0.0910047623232615;0.0421114051163817;223630.42945263;0.172023407271253;0.0663395161835689;0.0864040400703396;-0.131478167101622
CL02Co1;2014;06/06/2014;31/12/2014;150213.543484153;0.0308725631955264;0.0548050544479739;0.0890542331265818;-0.0748095056880165;0.0431703804720671;404401.547276213;0.0831144252047462;0.150394504568709;0.0716835984593745;-0.0409036006688477
CL02Co1;2015;31/12/2014;31/12/2015;474271.582629203;0.0945552657644761;0.0945552657644761;0.147371812419722;-0.144648919658315;0.071465212994395;284529.240841967;0.0539903524295975;0.0539903524295975;0.104238767261046;-0.115836997494577
CL02Co1;2016;31/12/2015;11/02/2016;-733740.541260175;-0.133648299508175;-0.712569263186851;0.219270831845246;-0.133648299508175;0.106760845334991;-436204.869386051;-0.0785313622383994;-0.508731249150703;0.140961160553179;-0.0785313622383994
CL02Co1;Global;06/06/2014;11/02/2016;-109255.415146819;-0.0224546644086688;-0.0133882238571938;0.138354274214628;-0.17718813822221;0.066994676582322;252725.918732129;0.0519413677104836;0.0305092302664198;0.0981995542627908;-0.131478167101621
CL03Co1;2011;08/03/2011;30/12/2011;-317469.41799946;-0.100293617868029;-0.121803112155846;0.137819179001902;-0.179027107399396;0.0979992093543354;-197756.051873199;-0.0624742692466035;-0.0762199602717509;0.187663114888121;-0.187628653766982
CL03Co1;2012;30/12/2011;31/12/2012;495039.951531499;0.173824444549402;0.173824444549402;0.0693388762458925;-0.0560674844455227;0.0778841229239382;302009.65417867;0.101767482709407;0.101767482709407;0.116259634771748;-0.0772055175151332
CL03Co1;2013;31/12/2012;31/12/2013;725390.647949747;0.216989842020334;0.216989842020334;0.0789842134484109;-0.0663625559142478;0.0731461422463437;637901.729106631;0.195097648465525;0.195097648465525;0.11889719391137;-0.104380475594493
CL03Co1;2014;31/12/2013;31/12/2014;325359.680338362;0.0799731552398353;0.0799731552398353;0.0874919341007453;-0.0973115215698446;0.0650779604196793;695241.210374634;0.177922294480572;0.177922294480572;0.126395771096788;-0.0854574922646238
CL03Co1;2015;31/12/2014;31/12/2015;503723.049968294;0.114646120181522;0.114646120181522;0.101972537200734;-0.089265514993376;0.118708322283058;383783.573487032;0.0833805209513026;0.0833805209513026;0.201330942991287;-0.191624215140387
CL03Co1;2016;31/12/2015;11/02/2016;-463434.738024098;-0.094627880660069;-0.578490775867799;0.133800604540548;-0.0946297314013019;0.160394451363229;-836960.951008646;-0.167842676074742;-0.797442991420806;0.275525140669431;-0.167842676074742
CL03Co1;Global;08/03/2011;11/02/2016;1268609.17376434;0.400773732787118;0.0706898749875666;0.0976452552992936;-0.179027107399396;0.0907208128342684;984219.164265123;0.310930424042814;0.0564022077409079;0.157452545694936;-0.245527781068594
CL04Co1;2014;01/08/2014;31/12/2014;64408.2684241537;0.0322041342120769;0.0790847094693967;0.025995903572287;-0.00180960235615857;0.0386400680428417;95766.9998765886;0.0478834999382942;0.118865628046633;0.0271743732883836;-0.00991775520077431
CL04Co1;2015;31/12/2014;31/12/2015;87536.1115309466;0.0424025193416642;0.0424025193416642;0.0553720019461332;-0.0569875241733158;0.0704490567483632;30112.3040849077;0.0143681545165473;0.0143681545165473;0.0459105915490489;-0.061073863316243
CL04Co1;2016;31/12/2015;11/02/2016;-34824.8376777358;-0.0161829636500468;-0.132194836428723;0.0244573292290549;-0.0161883674458256;0.0365411661578883;37887.2022707653;0.0178218971322426;0.165927397555337;0.0303270633542078;-0.00352633375042655
CL04Co1;Global;01/08/2014;11/02/2016;117119.542277365;0.0585597711386823;0.0378580371477022;0.0473159590534868;-0.0569875241733158;0.0613822324504152;163766.506232262;0.0818832531161309;0.0527327870446284;0.0406502649025536;-0.061073863316243
CL04Co2;2015;24/07/2015;31/12/2015;-82864.5261933187;-0.0834991195015303;-0.18037414935975;0.140453000866257;-0.112758216299492;0.112003679880027;-8822.44938202517;-0.00889001348450746;-0.0201649397789988;0.127269919812072;-0.0776153765498236
CL04Co2;2016;31/12/2015;11/02/2016;-58164.1618621157;-0.0639493054830298;-0.436909945223384;0.140313009403518;-0.0744862133060054;0.123419838211222;-77241.6849171378;-0.0785313622383994;-0.508731249150703;0.140961160553179;-0.0785313622383994
CL04Co2;Global;24/07/2015;11/02/2016;-141028.688055434;-0.142108714283993;-0.241917099194684;0.140241126487185;-0.145808180503822;0.114291238264238;-86064.134299163;-0.0867232308536507;-0.151188437874278;0.130844824484466;-0.107184187074124
CL05Co1;2014;11/03/2014;31/12/2014;113629.34165159;0.0452742615553392;0.0563148088557317;0.058322752277108;-0.062835237470637;0.0308970989561941;338991.825420655;0.135067266483646;0.169708301840771;0.0661652882670406;-0.0409036006688477
CL05Co1;2015;31/12/2014;31/12/2015;148664.735905962;0.0566680922354743;0.0566680922354743;0.062301185755898;-0.0569156255569693;0.061869234171938;153807.274653019;0.0539903524295982;0.0539903524295982;0.104238767261046;-0.115836997494576
CL05Co1;2016;31/12/2015;11/02/2016;-126606.253252705;-0.0456717015045376;-0.333861964112187;0.0658345136935553;-0.045675658266332;0.0876977829366322;-235798.197584579;-0.0785313622383997;-0.508731249150704;0.140961160553179;-0.0785313622383997
CL05Co1;Global;11/03/2014;11/02/2016;135687.824304847;0.0540632019702156;0.0277544269722676;0.0611168937296492;-0.0672243259927205;0.053527071170769;257000.902489095;0.102398957083869;0.0519952048861325;0.0936345862403616;-0.131478167101621
CL05Co2;2014;11/03/2014;31/12/2014;149154.518600708;0.046167864116355;0.0574322441978157;0.0460539920139588;-0.0432507260421066;0.039361282139823;436361.817828714;0.135067266483646;0.169708301840771;0.0661652882670406;-0.0409036006688477
CL05Co2;2015;31/12/2014;31/12/2015;106785.942589953;0.0315948340386447;0.0315948340386447;0.0527644506002873;-0.0497578161755905;0.0652217915452096;197985.95992569;0.0539903524295966;0.0539903524295966;0.104238767261046;-0.115836997494577
CL05Co2;2016;31/12/2015;11/02/2016;-149356.066607258;-0.0428366699319074;-0.316466605049003;0.0582165679185343;-0.0428409258963804;0.0908256348472046;-303527.467103553;-0.0785313622383996;-0.508731249150703;0.140961160553179;-0.0785313622383996
CL05Co2;Global;11/03/2014;11/02/2016;106584.394583403;0.0329911147997037;0.0170198312750718;0.0506725943281224;-0.0682397632638864;0.0580505663280664;330820.310650851;0.102398957083868;0.0519952048861319;0.0936345862403616;-0.131478167101621
CL06Co1;2012;12/01/2012;31/12/2012;83839.2612978469;0.0838392612978469;0.0865541083838155;0.0264753688426919;-0.0158312455831522;0.0425682179190948;98514.8145383992;0.0985148145383992;0.101726761231544;0.0400511079834794;-0.0243867553457774
CL06Co1;2013;31/12/2012;31/12/2013;87602.3099576684;0.0808259241806473;0.0808259241806473;0.0308979105808161;-0.0312017704472037;0.0372961824742901;22389.7305769089;0.0203818194170802;0.0203818194170802;0.0316714595804925;-0.0411373658921875
CL06Co1;2014;31/12/2013;31/12/2014;50604.0307420759;0.0431980834416181;0.0431980834416181;0.0346186898049904;-0.0359934857066978;0.0439610658539123;146503.470408238;0.130701111924893;0.130701111924893;0.0264431517416674;-0.00991775520077431
CL06Co1;2015;31/12/2014;31/12/2015;52835.2638546288;0.0432351000390352;0.0432351000390352;0.0501205364908993;-0.0511776940824547;0.0671001886037174;18210.3142025498;0.0143681545165448;0.0143681545165448;0.0459105915490489;-0.0610738633162431
CL06Co1;2016;31/12/2015;11/02/2016;-13010.153495301;-0.0102049954970531;-0.0852842285853213;0.011100560095393;-0.0102104166314265;0.0300579600404284;22912.1576237038;0.0178218971322424;0.165927397555335;0.0303270633542078;-0.00352633375042632
CL06Co1;Global;12/01/2012;11/02/2016;261870.712356919;0.261870712356919;0.0585921147234891;0.0362258395958244;-0.0511776940824547;0.0487863855823213;308530.487349799;0.308530487349799;0.0680434871478255;0.0366523533046897;-0.0610738633162431
CL06Co2;2013;25/07/2013;31/12/2013;98208.9257827038;0.0305908689829004;0.0716201102934944;0.0292204770076903;-0.00429650138701931;0.0390545138545542;42889.0898050037;0.01335942244113;0.03093361138034;0.0271247945238879;-0.0164639473153684
CL06Co2;2014;31/12/2013;31/12/2014;117190.664889221;0.0354199204312118;0.0354199204312118;0.0212289399353927;-0.00905892379258955;0.034099192447803;425208.501450639;0.130701111924894;0.130701111924894;0.0264431517416674;-0.00991775520077443
CL06Co2;2015;31/12/2014;31/12/2015;57601.9465407244;0.0168141611954091;0.0168141611954091;0.0216391808287729;-0.0189977917119926;0.049352408772038;52853.2217799019;0.0143681545165457;0.0143681545165457;0.0459105915490489;-0.0610738633162432
CL06Co2;2016;31/12/2015;11/02/2016;-67516.5272676237;-0.0193823555930475;-0.156415922339459;0.0303256815382602;-0.0193875977741871;0.0401711047472337;66499.7503542276;0.0178218971322421;0.165927397555333;0.0303270633542078;-0.00352633375042666
CL06Co2;Global;25/07/2013;11/02/2016;205485.009945025;0.0640060459584555;0.0246215238445586;0.0234917670254153;-0.0262952716236035;0.0419529316709105;587450.563389772;0.182983604345182;0.0680987898326488;0.0356926822066172;-0.0610738633162432
CL07Co1;2012;18/12/2012;31/12/2012;6415.35114846867;0.00457846927524175;0.136843935250112;0.0512714054709333;-0.00678426635641971;0.052354049680931;-6388.71736746327;-0.00455946143838371;-0.120417907698526;0.0302784515629096;-0.00678160078361434
CL07Co1;2013;31/12/2012;31/12/2013;196006.30587763;0.139247064702519;0.139247064702519;0.054925711863301;-0.0489323044181755;0.0400833743044762;148200.899810126;0.106251578013059;0.106251578013059;0.0644039965661941;-0.0696645042165466
CL07Co1;2014;31/12/2013;31/12/2014;84919.0936354117;0.0529545689679032;0.0529545689679032;0.0655569362659313;-0.079340521266997;0.0352682042846347;241569.534807526;0.156557114426089;0.156557114426089;0.0645259374612117;-0.040903600668848
CL07Co1;2015;31/12/2014;31/12/2015;197453.96664282;0.116937637759387;0.116937637759387;0.0713252448426353;-0.0453797192791106;0.0714276065675726;96350.1958537532;0.053990352429597;0.053990352429597;0.104238767261046;-0.115836997494577
CL07Co1;2016;31/12/2015;11/02/2016;-58844.9456299911;-0.0312010129668331;-0.240786207212142;0.0446662910294261;-0.0312036884241733;0.102743202856138;-147712.145413731;-0.0785313622383995;-0.508731249150703;0.140961160553179;-0.0785313622383995
CL07Co1;Global;18/12/2012;11/02/2016;425949.771674338;0.303989274674806;0.0878949765161257;0.0636068567210657;-0.079340521266997;0.0544006196973408;332019.76769021;0.236953873601349;0.069823662378639;0.0829122064038014;-0.131478167101621
CL07Co2;2012;18/12/2012;31/12/2012;40580.4519094214;0.0143734112242488;0.492851995082127;0.0733786543036654;-0.000551406483364381;0.0761992017687164;11555.9042226616;0.00409304863906135;0.121520848423035;0.0129723233964303;-0.000407941256459043
CL07Co2;2013;31/12/2012;31/12/2013;178325.968176839;0.0622672528310129;0.0622672528310129;0.0268244412414618;-0.0318929616113832;0.0351380418756504;57779.5211133076;0.0203818194170795;0.0203818194170795;0.0316714595804925;-0.0411373658921875
CL07Co2;2014;31/12/2013;31/12/2014;152819.844663241;0.0502332266654371;0.0502332266654371;0.0328647726970503;-0.0288932752369858;0.0422217816917511;378070.666484748;0.130701111924893;0.130701111924893;0.0264431517416674;-0.00991775520077443
CL07Co2;2015;31/12/2014;31/12/2015;65109.4922105572;0.0203783902902164;0.0203783902902164;0.0274639794386623;-0.0280004802783238;0.0523972818497048;46994.0105054895;0.0143681545165464;0.0143681545165464;0.0459105915490489;-0.0610738633162431
CL07Co2;2016;31/12/2015;11/02/2016;-65251.1460394156;-0.0200148554857297;-0.161132812729567;0.0253696066733996;-0.0200198637317514;0.036806713524332;59127.7099392884;0.0178218971322426;0.165927397555337;0.0303270633542078;-0.00352633375042655
CL07Co2;Global;18/12/2012;11/02/2016;371584.610920643;0.131613576637496;0.0400239144721475;0.0299513557893628;-0.0341585582710959;0.0442139710781226;553527.812265495;0.196057029811035;0.0584680983069374;0.0353682751211101;-0.0610738633162431
CL08Co1;2013;01/02/2013;31/12/2013;201175.385574085;0.14907401672774;0.164520697848344;0.0783581135732359;-0.0642765309715666;0.071982786014321;215867.794970987;0.159961315280465;0.176620132433694;0.118332149881156;-0.104380475594493
CL08Co1;2014;31/12/2013;31/12/2014;131618.587561835;0.0848782335660196;0.0848782335660196;0.0810320164847388;-0.0824856862230868;0.0671091269372061;278513.829787234;0.177922294480574;0.177922294480574;0.126395771096788;-0.085457492264624
CL08Co1;2015;31/12/2014;31/12/2015;204337.516307706;0.121463620253484;0.121463620253484;0.148499410516878;-0.135369807432583;0.0869748623740667;153743.810444873;0.0833805209513017;0.0833805209513017;0.201330942991287;-0.191624215140386
CL08Co1;2016;31/12/2015;11/02/2016;-180731.735619197;-0.0957959922912637;-0.583193550370631;0.152921307837424;-0.0957969358935756;0.143682488207792;-335286.798839458;-0.167842676074742;-0.797442991420805;0.275525140669431;-0.167842676074742
CL08Co1;Global;01/02/2013;11/02/2016;356399.753824429;0.264097631585349;0.0804877365116614;0.110798561354921;-0.135369807432583;0.0798207436945326;312838.636363636;0.231818181818182;0.071294958761067;0.161336957405407;-0.245527781068594
CL09Co1;2013;01/07/2013;31/12/2013;44001.0805803372;0.066779603248349;0.137616790004675;0.0422354048973826;-0.017023418898427;0.037644404391039;28397.5136940411;0.0430983665109139;0.0878033515090824;0.0547290039317321;-0.0253691639468813
CL09Co1;2014;31/12/2013;31/12/2014;38995.8098417297;0.0554783751499337;0.0554783751499337;0.0522080410616212;-0.0514857686376918;0.0357396254350698;107601.315496166;0.156557114426091;0.156557114426091;0.0645259374612117;-0.0409036006688476
CL09Co1;2015;31/12/2014;31/12/2015;43071.0917422638;0.0580553609245626;0.0580553609245626;0.081770923083307;-0.0729977034691152;0.0508012225127243;42916.8679338535;0.0539903524295973;0.0539903524295973;0.104238767261046;-0.115836997494577
CL09Co1;2016;31/12/2015;11/02/2016;-63171.1870460942;-0.0804761321244176;-0.51766899889299;0.121430974515123;-0.0804789325435898;0.0557135099266123;-65794.8079998669;-0.0785313622383996;-0.508731249150703;0.140961160553179;-0.0785313622383996
CL09Co1;Global;01/07/2013;11/02/2016;62896.7951182366;0.0954572698713561;0.0354600232029969;0.0682363790825185;-0.108342319617867;0.0434018815484339;113120.889124193;0.171681422255568;0.0624266001230525;0.0851523831380586;-0.131478167101621
CL10Co1;2013;10/09/2013;31/12/2013;105593.983176339;0.0703959887842263;0.248197553484306;0.150481161864218;-0.0544641656532007;0.155673413303624;38306.5892796181;0.025537726186412;0.0856519497342689;0.0255078173851363;-0.00847065051948936
CL10Co1;2014;31/12/2013;31/12/2014;645657.228368899;0.402129825556271;0.402129825556271;0.154499739748728;-0.0789001089368816;0.159094585556041;201058.381700237;0.130701111924894;0.130701111924894;0.0264431517416674;-0.0099177552007742
CL10Co1;2015;31/12/2014;31/12/2015;110313.734005549;0.0490010770187796;0.0490010770187796;0.212473955684707;-0.209083887823647;0.215862777078321;24991.4646637071;0.0143681545165466;0.0143681545165466;0.0459105915490489;-0.061073863316243
CL10Co1;2016;31/12/2015;11/02/2016;-345956.097112057;-0.146494424285828;-0.747564440540422;0.28162642587778;-0.146494424285828;0.278698333003212;31444.1789006493;0.0178218971322424;0.165927397555335;0.0303270633542078;-0.00352633375042655
CL10Co1;Global;10/09/2013;11/02/2016;515608.848438732;0.343739232292488;0.129745811261932;0.188093825503617;-0.260133621260196;0.19157674164826;295800.614544211;0.197200409696141;0.0771465055078824;0.03592325460617;-0.061073863316243
CL10Co2;2014;20/08/2014;31/12/2014;12992.6380001802;0.0163326687620116;0.0454638238350253;0.0433928124281193;-0.0353089764359836;0.0485011010643481;28733.1299572912;0.0361195851128739;0.102275819230589;0.0271338983235345;-0.0099177552007742
CL10Co2;2015;31/12/2014;31/12/2015;29991.0143065391;0.0370949751388243;0.0370949751388243;0.0508739101702778;-0.0500539340736732;0.0672438109647621;11842.7089688835;0.014368154516547;0.014368154516547;0.0459105915490489;-0.0610738633162431
CL10Co2;2016;31/12/2015;11/02/2016;-45085.9211473059;-0.0537707813661862;-0.381418552676224;0.0728576923341144;-0.053774069660495;0.0754978256914822;14900.4575960954;0.0178218971322421;0.165927397555333;0.0303270633542078;-0.00352633375042655
CL10Co2;Global;20/08/2014;11/02/2016;-2102.26884058653;-0.00264270124523758;-0.00178703608826436;0.0517558928596591;-0.079680245678818;0.0645605006346362;55476.2965222701;0.0697376449054306;0.0466205846557342;0.040995860191957;-0.0610738633162431
CL11Co1;2012;19/10/2012;31/12/2012;42864.4936980651;0.0122469981994473;0.0627533625510044;0.0503893603102223;-0.0230214331162855;0.0442214852534314;10102.0513879433;0.00288630039655513;0.0145150500796651;0.0536717739757713;-0.0195127251164652
CL11Co1;2013;31/12/2012;31/12/2013;526868.005481622;0.14871243492908;0.14871243492908;0.0509432407917547;-0.0562591662016257;0.0415463606749136;372953.881946844;0.106251578013059;0.106251578013059;0.0644039965661941;-0.0696645042165465
CL11Co1;2014;31/12/2013;31/12/2014;236765.123294756;0.0581770726558759;0.0581770726558759;0.0569032307205892;-0.0634474891290916;0.0326081918475055;607920.032078003;0.15655711442609;0.15655711442609;0.0645259374612117;-0.0409036006688478
CL11Co1;2015;31/12/2014;31/12/2015;279291.820671229;0.0648535875681622;0.0648535875681622;0.110526890060752;-0.101285889638422;0.0499929717945106;242469.375125488;0.0539903524295975;0.0539903524295975;0.104238767261046;-0.115836997494576
CL11Co1;2016;31/12/2015;11/02/2016;-483574.069911918;-0.105450561109977;-0.620319113050846;0.148209013383026;-0.105451177091992;0.0610159284432415;-371723.910673477;-0.0785313622383997;-0.508731249150704;0.140961160553179;-0.0785313622383997
CL11Co1;Global;19/10/2012;11/02/2016;602215.373233754;0.172061535209644;0.0490570136587567;0.0803925797519994;-0.141446117750083;0.0430114484666649;861721.429864801;0.246206122818515;0.0686487054840783;0.0818372388964397;-0.131478167101621
CL12Co1;2013;15/04/2013;31/12/2013;67691.151283013;0.163032637964867;0.236177799793754;0.124973871344723;-0.0961358909848151;0.0816721992312904;34128.5933411528;0.0821979608409269;0.117278250524466;0.124181986025157;-0.104380475594493
CL12Co1;2014;31/12/2013;31/12/2014;19640.9516719662;0.0406736624180861;0.0406736624180861;0.152965862997131;-0.159679629368894;0.0909152304664489;79945.5743029868;0.177922294480574;0.177922294480574;0.126395771096788;-0.0854574922646237
CL12Co1;2015;31/12/2014;31/12/2015;29320.9758303728;0.0583464731068131;0.0583464731068131;0.2060596917185;-0.172605412054486;0.112687000453309;44131.1558242348;0.0833805209513014;0.0833805209513014;0.201330942991287;-0.191624215140386
CL12Co1;2016;31/12/2015;11/02/2016;-76303.7243392915;-0.143467674406538;-0.7396777858207;0.286922650412692;-0.143467674406538;0.160829408183757;-96241.8839664349;-0.167842676074742;-0.797442991420805;0.275525140669431;-0.167842676074742
CL12Co1;Global;15/04/2013;11/02/2016;40349.3544460606;0.0971805261224967;0.0333457141246969;0.17520634897175;-0.235334115270216;0.100627188473376;61963.4395019396;0.149237571054768;0.0504269962197861;0.164950319770608;-0.245527781068593
CL12Co2;2013;15/04/2013;31/12/2013;258329.964556905;0.0666881701104642;0.0948643290651772;0.0563992560542719;-0.0554789156277966;0.0324132098076574;173063.262567092;0.0446764753509801;0.0632797628673614;0.068695240723695;-0.0696645042165465
CL12Co2;2014;31/12/2013;31/12/2014;225703.612379021;0.0546229369861853;0.0546229369861853;0.0548370531828886;-0.0570649191452622;0.0319570504466026;633549.579153002;0.156557114426087;0.156557114426087;0.0645259374612117;-0.0409036006688478
CL12Co2;2015;31/12/2014;31/12/2015;300276.123897975;0.0689064897145708;0.0689064897145708;0.0792279409691916;-0.0737492979064789;0.0503164736060558;252691.739805238;0.0539903524295975;0.0539903524295975;0.104238767261046;-0.115836997494577
CL12Co2;2016;31/12/2015;11/02/2016;-361053.067198328;-0.0775123046939319;-0.503989612011752;0.110667553068048;-0.0775138926841066;0.0584582782745157;-387395.569715451;-0.0785313622383997;-0.508731249150704;0.140961160553179;-0.0785313622383997
CL12Co2;Global;15/04/2013;11/02/2016;423256.633635574;0.109264174725863;0.0373565941692582;0.0681246524122761;-0.11046786544491;0.0407699491039874;671909.011809881;0.173454065056633;0.058202830428107;0.0858235596336967;-0.131478167101621
CL13Co1;2012;03/01/2012;31/12/2012;179026.765580185;0.0976154665104609;0.0976154665104609;0.0343115072436302;-0.0211949729623331;0.0423670983629275;181083.916161709;0.0987371407642907;0.0987371407642907;0.0619227786851681;-0.0355371258108458
CL13Co1;2013;31/12/2012;31/12/2013;207683.375014722;0.103169703734597;0.103169703734597;0.0529233419030686;-0.0500623851835279;0.0407437048243241;214105.845920916;0.106251578013059;0.106251578013059;0.0644039965661941;-0.0696645042165465
CL13Co1;2014;31/12/2013;31/12/2014;82542.591614401;0.0371694576908126;0.0371694576908126;0.0632109957525985;-0.086071128015522;0.03742702695527;348995.516659838;0.15655711442609;0.15655711442609;0.0645259374612117;-0.040903600668848
CL13Co1;2015;31/12/2014;31/12/2015;198560.118176521;0.0862085673012791;0.0862085673012791;0.0936534735809434;-0.0826845767226214;0.0534609493627638;139197.131828105;0.053990352429597;0.053990352429597;0.104238767261046;-0.115836997494577
CL13Co1;2016;31/12/2015;11/02/2016;-235051.391269206;-0.093952427829666;-0.575750055483652;0.140370605447905;-0.0939536905531888;0.0602393098919057;-213399.742424773;-0.0785313622383997;-0.508731249150704;0.140961160553179;-0.0785313622383997
CL13Co1;Global;03/01/2012;11/02/2016;432761.459116624;0.23596589919118;0.0529027149872261;0.0684473850352424;-0.132483508054634;0.0444855319528541;669982.668145794;0.36531225089738;0.0787143352748363;0.0786491489034892;-0.131478167101621
CL13Co2;2012;03/01/2012;31/12/2012;1377779.9300686;0.19299070331955;0.19299070331955;0.172747705608202;-0.135235221170146;0.143710473666207;598265.831533473;0.0838012958963277;0.0838012958963277;0.114755742803089;-0.0772055175151335
CL13Co2;2013;31/12/2012;31/12/2013;675045.839055544;0.0792597576340501;0.0792597576340501;0.16945767102374;-0.239108342201442;0.14574538945079;1509541.87904969;0.195097648465526;0.195097648465526;0.11889719391137;-0.104380475594493
CL13Co2;2014;31/12/2013;31/12/2014;2628885.85292836;0.285999465069533;0.285999465069533;0.166686447587384;-0.0999848792774636;0.141263679042189;1645231.03671707;0.177922294480574;0.177922294480574;0.126395771096788;-0.0854574922646236
CL13Co2;2015;31/12/2014;31/12/2015;1116108.4062761;0.0944189317926296;0.0944189317926296;0.316530560708458;-0.358811519040636;0.263045202221366;908192.203023762;0.0833805209513026;0.0833805209513026;0.201330942991287;-0.191624215140386
CL13Co2;2016;31/12/2015;11/02/2016;-2080535.8790997;-0.160821576893407;-0.782099772608188;0.376052921823523;-0.196898419428496;0.300623924874838;-1980599.12526999;-0.167842676074742;-0.797442991420807;0.275525140669431;-0.167842676074742
CL13Co2;Global;03/01/2012;11/02/2016;3717284.1492289;0.520693665760236;0.107380374957241;0.222121147905634;-0.455369559373053;0.185051642412018;2680631.82505401;0.375485961123112;0.0806647846430115;0.150576540219434;-0.245527781068594
CL14Co1;2014;03/09/2014;31/12/2014;13976.9811541428;0.019407082968818;0.0607282287757183;0.0318281258357308;-0.0103969929214935;0.0407518109329018;23834.3350772596;0.033094050371091;0.105020055134989;0.0269189040262301;-0.00979799201645115
CL14Co1;2015;31/12/2014;31/12/2015;12554.682726684;0.0171003491650579;0.0171003491650579;0.0437647641201791;-0.0416378930288185;0.0620305608319355;10690.4002920062;0.0143681545165468;0.0143681545165468;0.0459105915490489;-0.0610738633162428
CL14Co1;2016;31/12/2015;11/02/2016;-35181.0789987132;-0.0471134153008514;-0.342556920314058;0.0667640166423711;-0.0471166728506447;0.0699947364700176;13450.6265969101;0.0178218971322426;0.165927397555337;0.0303270633542078;-0.00352633375042632
CL14Co1;Global;03/09/2014;11/02/2016;-8649.41511788638;-0.0120097405135884;-0.00834915332702091;0.0442124147908506;-0.0665576885853182;0.0592141222625715;47975.3619661759;0.0666139433021049;0.0457664223962555;0.0412698177919534;-0.0610738633162428
CL14Co2;2014;03/09/2014;31/12/2014;44771.3442514417;0.0208578356633784;0.0653652005968233;0.047890134372441;-0.0301391288483186;0.0532961205766684;71036.3791215485;0.0330940503710917;0.105020055134991;0.0269189040262301;-0.00979799201645093
CL14Co2;2015;31/12/2014;31/12/2015;95373.4048628234;0.0435242331411967;0.0435242331411967;0.0529608093060201;-0.04542332821174;0.0689903381603403;31861.905341282;0.0143681545165468;0.0143681545165468;0.0459105915490489;-0.061073863316244
CL14Co2;2016;31/12/2015;11/02/2016;-112597.941059254;-0.0492415540730009;-0.355208169202454;0.0776258047840816;-0.0492459409616081;0.0800987381852143;40088.544835139;0.0178218971322424;0.165927397555335;0.0303270633542078;-0.00352633375042677
CL14Co2;Global;03/09/2014;11/02/2016;27546.8080550115;0.0128333603796933;0.00888788526327144;0.0546694706379659;-0.0697838374402883;0.0673357229335399;142986.82929797;0.0666139433021056;0.0457664223962559;0.0412698177919534;-0.061073863316244
CL15Co1;2013;15/03/2013;31/12/2013;130860.435209834;0.0261720870419668;0.0329360701007937;0.0344457812550635;-0.0423539116679559;0.0122351028482968;99137.6383513371;0.0198275276702675;0.0249319698770218;0.0331362538532604;-0.0411373658921871
CL15Co1;2014;31/12/2013;31/12/2014;454851.640226695;0.0886501681287872;0.0886501681287872;0.0881488169593327;-0.0881950364615472;0.0860398285284966;666462.959190618;0.130701111924898;0.130701111924898;0.0264431517416674;-0.00991775520077398
CL15Co1;2015;31/12/2014;31/12/2015;176863.142119212;0.0316634906580626;0.0316634906580626;0.101849641227291;-0.0994253580033742;0.0965446595919812;82841.0402661916;0.0143681545165493;0.0143681545165493;0.0459105915490489;-0.0610738633162425
CL15Co1;2016;31/12/2015;11/02/2016;-202813.35380634;-0.0351949165346194;-0.267559134666425;0.158627732056069;-0.0706246232281045;0.155522706763901;104230.32525294;0.0178218971322424;0.165927397555335;0.0303270633542078;-0.00352633375042655
CL15Co1;Global;15/03/2013;11/02/2016;559761.863749401;0.11195237274988;0.0371092637123718;0.0867668511815392;-0.131833688879254;0.0820556071802714;952671.963061087;0.190534392612217;0.0617135191284666;0.0361464505736434;-0.0610738633162425
CL16Co1;2014;25/04/2014;31/12/2014;142198.172562173;0.0793472309369865;0.117931839260408;0.0799428786693242;-0.0737284997023886;0.0798500829549645;296908.976897693;0.165676567656768;0.25084638265069;0.132291726975858;-0.0854574922646234
CL16Co1;2015;31/12/2014;31/12/2015;104934.524914264;0.0542494049794133;0.0542494049794133;0.130227895069157;-0.11874195394394;0.102123221567066;174182.656765677;0.0833805209513026;0.0833805209513026;0.201330942991287;-0.191624215140386
CL16Co1;2016;31/12/2015;11/02/2016;-215088.201852239;-0.105475065262739;-0.620409488799631;0.157831102696182;-0.105476884500578;0.141962805213865;-379860.140264027;-0.167842676074742;-0.797442991420806;0.275525140669431;-0.167842676074742
CL16Co1;Global;25/04/2014;11/02/2016;32044.4956241992;0.0178809751822997;0.00989473851819556;0.116723745226375;-0.150096376227697;0.0977731571690462;91231.493399343;0.0509075907590777;0.0279696529211075;0.185758237122756;-0.245527781068594
CL16Co2;2014;11/07/2014;31/12/2014;1147.98311224164;0.0130601036660027;0.0277543432348411;0.177844642080336;-0.128950857416973;0.0923468512026564;9653.11861743916;0.10981932443048;0.245874993567807;0.149739436711114;-0.0854574922646236
CL16Co2;2015;31/12/2014;31/12/2015;5285.58914582604;0.0593566407805526;0.0593566407805526;0.185632860096756;-0.221916053524893;0.108646739929084;8134.02985074611;0.0833805209513008;0.0833805209513008;0.201330942991287;-0.191624215140387
CL16Co2;2016;31/12/2015;11/02/2016;-15647.701572591;-0.165876274989181;-0.793245338493929;0.312784555297256;-0.165876274989181;0.189335657183459;-17738.8138256088;-0.167842676074742;-0.797442991420806;0.275525140669431;-0.167842676074742
CL16Co2;Global;11/07/2014;11/02/2016;-9214.12931452335;-0.104825134408684;-0.0673147015501152;0.196307721402474;-0.275213185616559;0.11176066006294;48.3346425764903;0.000549882168105587;0.000346011277375879;0.195458318569291;-0.245527781068595
CL17Co1;2014;15/09/2014;31/12/2014;1784369.33782301;0.24698178994602;1.12324175057862;0.539523080865099;-0.153948246405186;0.505234275078256;423899.595354074;0.0586736605470226;0.214699558001295;0.174865504113874;-0.0854574922646236
CL17Co1;2015;31/12/2014;31/12/2015;822438.914564347;0.0912901081925832;0.0912901081925832;0.464902302732923;-0.400206193879842;0.435354386538834;637744.218808541;0.0833805209513021;0.0833805209513021;0.201330942991287;-0.191624215140387
CL17Co1;2016;31/12/2015;11/02/2016;-1918817.36002748;-0.19517019268753;-0.848461385567691;1.01207587385676;-0.368385967607426;0.921198037986916;-1390802.12064444;-0.167842676074742;-0.797442991420806;0.275525140669431;-0.167842676074742
CL17Co1;Global;15/09/2014;11/02/2016;687990.892359877;0.0952276070092706;0.0667256127257128;0.543605949400138;-0.557967550382149;0.504375633340526;-329158.306481824;-0.0455601348819777;-0.0325709568024017;0.204545930304799;-0.245527781068594
CL18Co1;2014;12/08/2014;31/12/2014;57227.3462283122;0.016970833079776;0.0445257722421071;0.0256686634721046;-0.00578184229795664;0.0368418972332793;146486.924731182;0.0434408602150536;0.116366557537329;0.0274347797493837;-0.00991775520077443
CL18Co1;2015;31/12/2014;31/12/2015;-6989.39008193137;-0.00203812275011261;-0.00203812275011261;0.0106991930394891;-0.011775623801185;0.0462288123774575;50555.6006144378;0.0143681545165466;0.0143681545165466;0.0459105915490489;-0.0610738633162428
CL18Co1;2016;31/12/2015;11/02/2016;-28516.6968525489;-0.00833251923625311;-0.0701360000825435;0.00952009788975095;-0.00833794877187022;0.0307958296163381;63608.890937021;0.0178218971322424;0.165927397555335;0.0303270633542078;-0.00352633375042666
CL18Co1;Global;12/08/2014;11/02/2016;21721.2592938318;0.00644146356686681;0.0042857895752797;0.0159570844580644;-0.015856927960606;0.043015055857361;260651.416282641;0.077296466973886;0.0508413533605598;0.0408879738166029;-0.0610738633162428
CL18Co2;2014;12/08/2014;31/12/2014;106322.260646291;0.0333696129076302;0.0886869535662114;0.0455351004296276;-0.0309667700659038;0.0514193276217388;138411.268817203;0.0434408602150533;0.116366557537328;0.0274347797493837;-0.00991775520077476
CL18Co2;2015;31/12/2014;31/12/2015;135844.793872508;0.0412585802368555;0.0412585802368555;0.0458035981940385;-0.0405999956369834;0.0626055286424053;47768.5284178215;0.0143681545165477;0.0143681545165477;0.0459105915490489;-0.0610738633162431
CL18Co2;2016;31/12/2015;11/02/2016;-143158.865573754;-0.0417571582322439;-0.30973794336698;0.0607256798183823;-0.0417610904088258;0.0646431578421968;60102.2058371747;0.0178218971322424;0.165927397555335;0.0303270633542078;-0.00352633375042655
CL18Co2;Global;12/08/2014;11/02/2016;99008.1889450452;0.0310740659547566;0.0205912135373605;0.0474035539132944;-0.0615804644539134;0.0605744616811481;246282.003072199;0.0772964669738871;0.0508413533605605;0.0408879738166029;-0.0610738633162431
CL19Co1;2014;19/06/2014;31/12/2014;-135295.24230586;-0.0182257543553217;-0.033843633699895;0.0928444220972505;-0.088698994149496;0.0472789488936215;587661.669231573;0.0791644779588017;0.15327606228063;0.0734533542390936;-0.0409036006688478
CL19Co1;2015;31/12/2014;31/12/2015;-609152.518655032;-0.0835828925621835;-0.0835828925621835;0.168647109003028;-0.2882698578376;0.129201042772915;432514.643821813;0.0539903524295979;0.0539903524295979;0.104238767261046;-0.115836997494575
CL19Co1;2016;31/12/2015;11/02/2016;-591541.236464661;-0.0885692953359553;-0.553337611061784;0.195895082226818;-0.0900444147598363;0.144734085157882;-663077.696891742;-0.0785313622383995;-0.508731249150703;0.140961160553179;-0.0785313622383995
CL19Co1;Global;19/06/2014;11/02/2016;-1335988.99742555;-0.179972383902786;-0.113348103800974;0.150776695796917;-0.2882698578376;0.110700113811031;357098.616161644;0.0481051036818725;0.0288965304663451;0.0990958506696474;-0.13147816710162
CL20Co1;2011;28/01/2011;30/12/2011;-153729.135922219;-0.104378826671795;-0.112859864515474;0.148768916499557;-0.202242894492656;0.107601449871393;-76636.4866271163;-0.0520345509418226;-0.0563966345508303;0.181374194497769;-0.213844621513942
CL20Co1;2012;30/12/2011;31/12/2012;206925.923492404;0.156872484358204;0.156872484358204;0.0924598982116624;-0.0906631617367103;0.0783182475175618;142084.046206682;0.101767482709409;0.101767482709409;0.116259634771748;-0.0772055175151336
CL20Co1;2013;31/12/2012;31/12/2013;375240.906751143;0.245898883803439;0.245898883803439;0.0818204951996286;-0.0614741420166016;0.0801446826055428;300108.481631805;0.195097648465525;0.195097648465525;0.11889719391137;-0.104380475594493
CL20Co1;2014;31/12/2013;31/12/2014;237458.099796513;0.124896587368197;0.124896587368197;0.0973028428451224;-0.0924734163357603;0.0641260881362619;327084.524924555;0.177922294480576;0.177922294480576;0.126395771096788;-0.0854574922646235
CL20Co1;2015;31/12/2014;31/12/2015;247554.434631794;0.115750185375898;0.115750185375898;0.115663893749455;-0.103436943211784;0.120883197253235;180555.562493497;0.0833805209513026;0.0833805209513026;0.201330942991287;-0.191624215140386
CL20Co1;2016;31/12/2015;11/02/2016;-266311.253331771;-0.111602400336412;-0.642419663408901;0.151569549892109;-0.111604325195255;0.150276587017583;-393758.268290148;-0.167842676074742;-0.797442991420806;0.275525140669431;-0.167842676074742
CL20Co1;Global;28/01/2011;11/02/2016;647138.975417864;0.439393655226687;0.0749246330069553;0.110567049136227;-0.202242894492656;0.0939819767260466;479437.860339275;0.325528150692066;0.057494808209366;0.156784357297576;-0.245527781068594
CL20Co2;2014;11/07/2014;31/12/2014;-274344.593263739;-0.162497537916093;-0.312117897391709;0.302048789985327;-0.246074301034087;0.220204846166115;185407.965435978;0.109819324430479;0.245874993567807;0.149739436711114;-0.0854574922646237
CL20Co2;2015;31/12/2014;31/12/2015;-3185.76477936794;-0.00225308716540185;-0.00225308716540185;0.245454649835612;-0.200806322180896;0.183171599897007;156230.746268656;0.0833805209513021;0.0833805209513021;0.201330942991287;-0.191624215140386
CL20Co2;2016;31/12/2015;11/02/2016;-148128.672872952;-0.104998483428862;-0.618648349051983;0.276930414739821;-0.104998483428862;0.231355806501671;-340710.34564022;-0.167842676074742;-0.797442991420805;0.275525140669431;-0.167842676074742
CL20Co2;Global;11/07/2014;11/02/2016;-425659.030916059;-0.252122863777799;-0.167086166550502;0.265584683988155;-0.27288927219454;0.198917659659829;928.366064414847;0.000549882168106919;0.000346011277376768;0.195458318569291;-0.245527781068594
CL21Co1;2011;04/02/2011;30/12/2011;146222.483385869;0.0309950999206947;0.0344444444176737;0.0148690125570621;-0.0126846154240858;0.0876188752598943;-118155.596575901;-0.0250457004781882;-0.0277479019562599;0.0907668863231706;-0.103446068794712
CL21Co1;2012;30/12/2011;31/12/2012;531768.425047294;0.109331380177574;0.109331380177574;0.0310475136747632;-0.0129319506860119;0.0465890329002798;486039.206319031;0.105673460463441;0.105673460463441;0.0624729951831506;-0.0355371258108457
CL21Co1;2013;31/12/2012;31/12/2013;491287.4554208;0.0910535034546318;0.0910535034546318;0.0373420871444262;-0.0305719254766195;0.0444125566727382;540340.658494753;0.106251578013059;0.106251578013059;0.0644039965661941;-0.0696645042165468
CL21Co1;2014;31/12/2013;31/12/2014;283722.569416004;0.0481957587501876;0.0481957587501876;0.0530304907090959;-0.0651172787854256;0.0366310025931477;880762.813703587;0.156557114426089;0.156557114426089;0.0645259374612117;-0.0409036006688478
CL21Co1;2015;31/12/2014;31/12/2015;396526.030483998;0.0642605209398737;0.0642605209398737;0.0896654250949966;-0.0809120789746768;0.053031265498;351292.929667884;0.0539903524295973;0.0539903524295973;0.104238767261046;-0.115836997494577
CL21Co1;2016;31/12/2015;11/02/2016;-542939.374585962;-0.0826753278233563;-0.527602413589904;0.118032153661786;-0.0826774893091847;0.0577865304552003;-538558.659379176;-0.0785313622383998;-0.508731249150705;0.140961160553179;-0.0785313622383998
CL21Co1;Global;04/02/2011;11/02/2016;1306587.589168;0.276960231721215;0.0498875693558993;0.0550571638601766;-0.121875019640976;0.0557325429085347;1601721.35223018;0.339520381598732;0.0599345600568966;0.081020626288386;-0.131478167101621
CL21Co2;2011;04/02/2011;30/12/2011;-8536.87521732295;-0.0252122717581895;-0.0279321859688285;0.0795872318077527;-0.103707701259258;0.0507449089294425;-8480.47418191476;-0.0250457004781889;-0.0277479019562606;0.0907668863231706;-0.103446068794712
CL21Co2;2012;30/12/2011;31/12/2012;52981.9569275591;0.160520679074477;0.160520679074477;0.0568506945565088;-0.0395903155410279;0.0390360804024675;34884.8726597472;0.105673460463441;0.105673460463441;0.0624729951831506;-0.0355371258108452
CL21Co2;2013;31/12/2012;31/12/2013;47168.6924713507;0.12314136043922;0.12314136043922;0.0574592950921531;-0.0579286470267307;0.0381317550272603;38782.2933199777;0.106251578013061;0.106251578013061;0.0644039965661941;-0.0696645042165466
CL21Co2;2014;31/12/2013;31/12/2014;26573.7183721216;0.0617686368193904;0.0617686368193904;0.0547035216171937;-0.050246725007147;0.0311503314793219;63215.6793115215;0.156557114426089;0.156557114426089;0.0645259374612117;-0.0409036006688477
CL21Co2;2015;31/12/2014;31/12/2015;35734.5935705146;0.078230236495175;0.078230236495175;0.0762739561132924;-0.0674326858529594;0.0537414103071445;25213.6226016504;0.0539903524295973;0.0539903524295973;0.104238767261046;-0.115836997494577
CL21Co2;2016;31/12/2015;11/02/2016;-37214.4645521806;-0.0755589761365431;-0.494787501591923;0.10800331982976;-0.0755606016871633;0.0592851001228811;-38654.392501651;-0.0785313622383997;-0.508731249150704;0.140961160553179;-0.0785313622383997
CL21Co2;Global;04/02/2011;11/02/2016;116707.621572043;0.344676968612057;0.0607458087981234;0.0670925849478645;-0.103908150541964;0.043648548619294;114961.601209331;0.339520381598733;0.0599345600568966;0.081020626288386;-0.131478167101621
CL22Co1;2012;16/03/2012;31/12/2012;53015.5198945924;0.0118079914238034;0.0148844088172533;0.0605398090416773;-0.0439086655684066;0.0698220776859421;-8929.59427207428;-0.00198886237072349;-0.00250257923180208;0.118192500305681;-0.0752784407319006
CL22Co1;2013;31/12/2012;31/12/2013;646567.943785525;0.142327580980116;0.142327580980116;0.0811477502951837;-0.0800629372109121;0.0447238169376616;874207.279236292;0.195097648465528;0.195097648465528;0.11889719391137;-0.104380475594493
CL22Co1;2014;31/12/2013;31/12/2014;746293.317048554;0.143811557244087;0.143811557244087;0.0965948727625964;-0.0660789529131429;0.0349799956407385;952787.708830561;0.177922294480575;0.177922294480575;0.126395771096788;-0.0854574922646238
CL22Co1;2015;31/12/2014;31/12/2015;491364.760014796;0.0827815897270732;0.0827815897270732;0.157623097113309;-0.163510925891159;0.0548441721768589;525953.1026253;0.0833805209513023;0.0833805209513023;0.201330942991287;-0.191624215140386
CL22Co1;2016;31/12/2015;11/02/2016;-842138.30877427;-0.131030475442804;-0.704933125525937;0.216035557823701;-0.131031054973521;0.0787056348195194;-1147006.38424822;-0.167842676074742;-0.797442991420806;0.275525140669431;-0.167842676074742
CL22Co1;Global;16/03/2012;11/02/2016;1095103.2319692;0.243909134475744;0.057414281110006;0.11253312874647;-0.186083703584829;0.0526023414133994;1197012.11217186;0.266607000795551;0.0623163865792897;0.152753624785602;-0.245527781068594
CL22Co2;2012;16/03/2012;31/12/2012;118285.304467462;0.0311203410948622;0.0393251311021907;0.0759323249733078;-0.0685941708546982;0.0982382575126746;-7559.46698488807;-0.00198886237072482;-0.00250257923180375;0.118192500305681;-0.0752784407319014
CL22Co2;2013;31/12/2012;31/12/2013;835387.454927885;0.213153344389108;0.213153344389108;0.06718941695205;-0.0431131318164902;0.0963032404521803;740071.817820214;0.195097648465526;0.195097648465526;0.11889719391137;-0.104380475594493
CL22Co2;2014;31/12/2013;31/12/2014;366914.529036631;0.077170872674434;0.077170872674434;0.0794949398750047;-0.072749184587299;0.0847579078662165;806595.127287198;0.177922294480575;0.177922294480575;0.126395771096788;-0.0854574922646234
CL22Co2;2015;31/12/2014;31/12/2015;191007.610531931;0.0372953401570213;0.0372953401570213;0.110050062433136;-0.0981721950438118;0.134862560982728;445252.60540971;0.083380520951303;0.083380520951303;0.201330942991287;-0.191624215140386
CL22Co2;2016;31/12/2015;11/02/2016;-586070.917438849;-0.11031933744598;-0.637906607877167;0.162898660485247;-0.110319337445981;0.169169019974796;-971013.534208436;-0.167842676074742;-0.797442991420806;0.275525140669431;-0.167842676074742
CL22Co2;Global;16/03/2012;11/02/2016;925523.981525059;0.2435012711529;0.0573255873524787;0.0889850639705852;-0.141882202214718;0.107949133605472;1013346.5493238;0.266607000795548;0.0623163865792893;0.152753624785602;-0.245527781068593
CL23Co1;2011;17/03/2011;30/12/2011;-220588.391683949;-0.0290733715134434;-0.0367022252348269;0.167058640594845;-0.19514825321835;0.137791525875343;-56220.5949656693;-0.00740982892012565;-0.00938160994092041;0.18764288476683;-0.179436531864018
CL23Co1;2012;30/12/2011;31/12/2012;1217848.89731948;0.165317846289067;0.165317846289067;0.093142099625311;-0.099753273700524;0.0866279633508058;766418.993135008;0.101767482709408;0.101767482709408;0.116259634771748;-0.0772055175151335
CL23Co1;2013;31/12/2012;31/12/2013;1985004.71495332;0.23122962598379;0.23122962598379;0.0743192400789539;-0.0627740757804973;0.0733313137625089;1618822.4256293;0.195097648465525;0.195097648465525;0.11889719391137;-0.104380475594493
CL23Co1;2014;31/12/2013;31/12/2014;835392.118326196;0.0790375101426977;0.0790375101426977;0.0961339644834614;-0.0905713426425276;0.0501074901353167;1764334.55377574;0.177922294480573;0.177922294480573;0.126395771096788;-0.0854574922646234
CL23Co1;2015;31/12/2014;31/12/2015;1302786.01899779;0.114229802031133;0.114229802031133;0.154605169832375;-0.131361314981099;0.0756857750410301;973939.130434772;0.0833805209513014;0.0833805209513014;0.201330942991287;-0.191624215140386
CL23Co1;2016;31/12/2015;11/02/2016;-1869323.77852661;-0.147101159181234;-0.749119689221001;0.232649078115331;-0.147101159181234;0.0888166587835624;-2123981.00686499;-0.167842676074742;-0.797442991420806;0.275525140669431;-0.167842676074742
CL23Co1;Global;17/03/2011;11/02/2016;3251119.57938622;0.428494929604237;0.0753409004143906;0.124611066050949;-0.197126886507009;0.0867695614962349;2943313.50114416;0.387926337583087;0.0690490305501406;0.157239901158937;-0.245527781068595
CL23Co2;2011;21/09/2011;30/12/2011;127297.848631777;0.0324921763826067;0.123793999174575;0.183300922810769;-0.0909096840275997;0.133350241960994;319583.06815483;0.0815720731417708;0.331381283043086;0.212021764791579;-0.0679972936400545
CL23Co2;2012;30/12/2011;31/12/2012;790671.640740077;0.195464156944316;0.195464156944316;0.092142516577399;-0.0822419347567444;0.0793514096966049;431227.808121581;0.101767482709407;0.101767482709407;0.116259634771748;-0.0772055175151334
CL23Co2;2013;31/12/2012;31/12/2013;1117428.41361301;0.231075616004632;0.231075616004632;0.0859259259234199;-0.0739912475127449;0.068447340036198;910835.003562097;0.195097648465524;0.195097648465524;0.11889719391137;-0.104380475594493
CL23Co2;2014;31/12/2013;31/12/2014;518614.112415917;0.087115214522919;0.087115214522919;0.102375591631531;-0.0995548958969248;0.0662804473048258;992707.812871047;0.177922294480573;0.177922294480573;0.126395771096788;-0.0854574922646236
CL23Co2;2015;31/12/2014;31/12/2015;354242.522859636;0.0547362194724839;0.0547362194724839;0.14382053472982;-0.152413561267706;0.111438473792629;547989.598670138;0.0833805209513008;0.0833805209513008;0.201330942991287;-0.191624215140387
CL23Co2;2016;31/12/2015;11/02/2016;-886875.230949659;-0.129925013926958;-0.70165497876294;0.202540327497375;-0.129925013926958;0.16808429647885;-1195063.90406079;-0.167842676074742;-0.797442991420805;0.275525140669431;-0.167842676074742
CL23Co2;Global;21/09/2011;11/02/2016;2021379.30731075;0.515947548958792;0.0992988863180109;0.118246132678923;-0.203661772784185;0.0903454551117236;2007279.3873189;0.512348610781281;0.0987044667666426;0.155265749205719;-0.245527781068594
CL24Co1;2013;26/08/2013;31/12/2013;160970.542708844;0.0380275319416121;0.113229112212337;0.0261317240947553;-0.00489264498680453;0.0338648190199677;78660.0203458769;0.0185825703628342;0.0543415478322271;0.0269731291408312;-0.00847065051948959
CL24Co1;2014;31/12/2013;31/12/2014;236715.519303455;0.0538728052458726;0.0538728052458726;0.0261433776009543;-0.023918636001979;0.0330672811570605;563538.758901327;0.130701111924896;0.130701111924896;0.0264431517416674;-0.00991775520077431
CL24Co1;2015;31/12/2014;31/12/2015;68965.1979960129;0.0148930843232424;0.0148930843232424;0.0412135344190324;-0.0506933973530771;0.0578652754020119;70047.6093591005;0.0143681545165459;0.0143681545165459;0.0459105915490489;-0.061073863316243
CL24Co1;2016;31/12/2015;11/02/2016;-223856.192780612;-0.0476325115196348;-0.345662901380634;0.0537027518662223;-0.0476325115196348;0.0563780527100701;88133.6724313358;0.0178218971322426;0.165927397555337;0.0303270633542078;-0.00352633375042621
CL24Co1;Global;26/08/2013;11/02/2016;242795.0672277;0.057357681839759;0.0229025544257366;0.0350741984358626;-0.071812574399272;0.0464901927401918;800380.06103764;0.189081044421838;0.0728434475515511;0.0359229811093258;-0.061073863316243
CL24Co2;2013;26/08/2013;31/12/2013;59378.2332974865;0.0339459371698414;0.100695002530707;0.0329337192078204;-0.00908349668736186;0.0404870189313795;32504.6320786697;0.0185825703628344;0.0543415478322278;0.0269731291408312;-0.00847065051948936
CL24Co2;2014;31/12/2013;31/12/2014;44479.170246643;0.0245934455185532;0.0245934455185532;0.0319629864537841;-0.0477171346590683;0.0413992790070653;232870.776534417;0.130701111924895;0.130701111924895;0.0264431517416674;-0.0099177552007742
CL24Co2;2015;31/12/2014;31/12/2015;57338.9866175032;0.0309429090042421;0.0309429090042421;0.0499671556896111;-0.0505779232966063;0.0669564769667194;28945.7307561887;0.014368154516547;0.014368154516547;0.0459105915490489;-0.0610738633162428
CL24Co2;2016;31/12/2015;11/02/2016;-106318.63805757;-0.0556526585818007;-0.39202857199777;0.0756814761347461;-0.0556558735930146;0.0780906134949625;36419.4235334016;0.0178218971322421;0.165927397555333;0.0303270633542078;-0.00352633375042655
CL24Co2;Global;26/08/2013;11/02/2016;54877.752104063;0.0313730574571593;0.0126209240677881;0.0434121280214307;-0.0812006262464652;0.0556012372799662;330740.562902678;0.189081044421837;0.0728434475515507;0.0359229811093258;-0.0610738633162428
CL24Co3;2013;26/08/2013;31/12/2013;53236.4289759735;0.0430680600080686;0.128835960160487;0.0464521595993236;-0.019716899648173;0.0283407403673484;50226.8296182004;0.0406333060579245;0.121279608938809;0.0519154120731395;-0.0238053559064155
CL24Co3;2014;31/12/2013;31/12/2014;70562.9967106765;0.0547281493990823;0.0547281493990823;0.0549125901621451;-0.0565866704041021;0.0313892138883988;201383.616653886;0.15655711442609;0.15655711442609;0.0645259374612117;-0.0409036006688476
CL24Co3;2015;31/12/2014;31/12/2015;91391.779294027;0.0672048076260352;0.0672048076260352;0.0791122083398515;-0.0737192327724905;0.0502816249945441;80322.0113074228;0.0539903524295968;0.0539903524295968;0.104238767261046;-0.115836997494577
CL24Co3;2016;31/12/2015;11/02/2016;-112492.926080086;-0.0775123046939319;-0.503989612011752;0.110667553068048;-0.0775138926841068;0.0584582782745161;-123139.724927745;-0.0785313622383997;-0.508731249150704;0.140961160553179;-0.0785313622383997
CL24Co3;Global;26/08/2013;11/02/2016;102698.278900591;0.0830825005263256;0.0329345786090531;0.0686288256621326;-0.110438992157416;0.0412204901526241;208792.732651765;0.168912493044062;0.0654177906928772;0.086458211491169;-0.131478167101622
CL25Co1;2013;14/02/2013;31/12/2013;136749.113219267;0.0683745566096337;0.0783575518356239;0.0315639107311772;-0.0445926913222887;0.0356051654338958;51215.514886643;0.0256077574433216;0.0292610589282514;0.0323846613036025;-0.0411373658921873
CL25Co1;2014;31/12/2013;31/12/2014;114878.471077326;0.053763200539837;0.053763200539837;0.0261493645952962;-0.0239186360019791;0.0330830629126382;268096.148593276;0.130701111924893;0.130701111924893;0.0264431517416674;-0.0099177552007742
CL25Co1;2015;31/12/2014;31/12/2015;33533.6794774658;0.0148930843232415;0.0148930843232415;0.0412135344190324;-0.0506933973530769;0.0578652754020119;33324.2283529061;0.0143681545165457;0.0143681545165457;0.0459105915490489;-0.0610738633162425
CL25Co1;2016;31/12/2015;11/02/2016;-108847.97022094;-0.0476325115196342;-0.345662901380631;0.0537027518662218;-0.0476325115196342;0.0563780527100701;41928.4348538643;0.0178218971322417;0.165927397555328;0.0303270633542078;-0.00352633375042632
CL25Co1;Global;14/02/2013;11/02/2016;176313.29355312;0.0881566467765598;0.0286415747177329;0.0350032469687978;-0.0718125743992734;0.0449751232809761;394564.326686689;0.197282163343345;0.0620308019718809;0.0358666715587564;-0.0610738633162425
CL26Co1;2012;06/08/2012;31/12/2012;349899.109737432;0.0699798219474863;0.182876447060908;0.166975191714627;-0.0634866387613064;0.201594492941239;-91940.5320813842;-0.0183881064162769;-0.0450368627635005;0.10121903886587;-0.060588685015291
CL26Co1;2013;31/12/2012;31/12/2013;-329967.648549943;-0.06167735910185;-0.06167735910185;0.130496647536488;-0.166987254284129;0.150399966188721;957550.860719885;0.195097648465526;0.195097648465526;0.11889719391137;-0.104380475594493
CL26Co1;2014;31/12/2013;31/12/2014;432822.488283409;0.0862207963654193;0.0862207963654193;0.110830727602367;-0.138488777503069;0.13952093622475;1043622.84820032;0.177922294480575;0.177922294480575;0.126395771096788;-0.0854574922646235
CL26Co1;2015;31/12/2014;31/12/2015;1262748.41575291;0.231579936937267;0.231579936937267;0.443160598722095;-0.41328450364009;0.436099365155496;576095.461658839;0.0833805209513019;0.0833805209513019;0.201330942991287;-0.191624215140386
CL26Co1;2016;31/12/2015;11/02/2016;-562881.227507393;-0.0838181861750612;-0.532692683729854;0.151117810961165;-0.0848979284814289;0.212277256094701;-1256357.58998435;-0.167842676074742;-0.797442991420806;0.275525140669431;-0.167842676074742
CL26Co1;Global;06/08/2012;11/02/2016;1152621.13771641;0.230524227543282;0.0607419492298478;0.260844474184728;-0.438791672248965;0.268518129128998;1228971.04851331;0.245794209702662;0.0644672954052539;0.154739426810113;-0.245527781068594
CL26Co2;2012;06/08/2012;31/12/2012;84868.8399355765;0.0329383062701143;0.083793640470524;0.0305159874428462;-0.00503197645624998;0.0420442225889662;120574.838204966;0.0467961026953996;0.120256446875025;0.0268686717766364;-0.00665359294018752
CL26Co2;2013;31/12/2012;31/12/2013;246567.284338222;0.0926433105804052;0.0926433105804052;0.0361917594760272;-0.0212828566570064;0.042870090360321;54973.3304885849;0.0203818194170797;0.0203818194170797;0.0316714595804925;-0.0411373658921872
CL26Co2;2014;31/12/2013;31/12/2014;77840.1728304182;0.026767264746361;0.026767264746361;0.0343059652211756;-0.0494915093363826;0.0436597663007915;359708.825830307;0.130701111924894;0.130701111924894;0.0264431517416674;-0.00991775520077443
CL26Co2;2015;31/12/2014;31/12/2015;98458.1552663483;0.0329746263640713;0.0329746263640713;0.0483385164959201;-0.0504941711702168;0.0659480348372235;44711.6421307129;0.0143681545165459;0.0143681545165459;0.0459105915490489;-0.061073863316243
CL26Co2;2016;31/12/2015;11/02/2016;-170829.047311562;-0.0553860322055105;-0.390535194407527;0.0751226689568341;-0.0553892588145936;0.0775865537945674;56256.0415333202;0.0178218971322424;0.165927397555335;0.0303270633542078;-0.00352633375042644
CL26Co2;Global;06/08/2012;11/02/2016;336905.405059004;0.130755804183421;0.0355499324626827;0.041102309546279;-0.082422033670854;0.0524293461691551;636224.678187891;0.246924116350187;0.0647416520656263;0.0346620583232479;-0.061073863316243
CL26Co3;2012;06/08/2012;31/12/2012;31089.3637025134;0.0430302611799493;0.110276377606706;0.0433241531516105;-0.0119069056858236;0.0320222875856691;10321.4711231898;0.0142857731808856;0.0358480843606439;0.0511064536528277;-0.0195127251164654
CL26Co3;2013;31/12/2012;31/12/2013;98896.2549324133;0.131233613020384;0.131233613020384;0.067695171419289;-0.0583498016502151;0.0435663186277359;77863.4377086902;0.106251578013059;0.106251578013059;0.0644039965661941;-0.0696645042165469
CL26Co3;2014;31/12/2013;31/12/2014;119588.660349865;0.140282320001316;0.140282320001316;0.12511364292078;-0.0873915730370602;0.105419490387228;126918.490035497;0.15655711442609;0.15655711442609;0.0645259374612117;-0.0409036006688477
CL26Co3;2015;31/12/2014;31/12/2015;61375.8296445528;0.0631390326556651;0.0631390326556651;0.17305244477113;-0.166253277534927;0.152909452094833;50621.537944038;0.0539903524295975;0.0539903524295975;0.104238767261046;-0.115836997494576
CL26Co3;2016;31/12/2015;11/02/2016;-89183.1320895446;-0.0862965046351656;-0.543564648364903;0.258248303141071;-0.134537972212564;0.210887572726326;-77606.6504857567;-0.0785313622383995;-0.508731249150703;0.140961160553179;-0.0785313622383995
CL26Co3;Global;06/08/2012;11/02/2016;221766.9765398;0.306943912165813;0.0790662779576976;0.128997677060309;-0.243414562966262;0.108828713217842;188118.286325658;0.260371330554544;0.0679932388756803;0.080261876272014;-0.131478167101621
CL27Co1;2014;15/01/2014;31/12/2014;242289.860916148;0.0683990234921232;0.0714327506060854;0.0728160625250442;-0.0629415019420702;0.0400427689269667;500222.310626416;0.141213988263675;0.14769284918032;0.0651732863474157;-0.0409036006688477
CL27Co1;2015;31/12/2014;31/12/2015;348662.840634851;0.0921269816408716;0.0921269816408716;0.120704100023191;-0.102630352421922;0.0613008711250996;218257.204255228;0.0539903524295968;0.0539903524295968;0.104238767261046;-0.115836997494577
CL27Co1;2016;31/12/2015;11/02/2016;-374388.040713427;-0.0905795187826135;-0.561826735884867;0.146143596665906;-0.0905795187826135;0.0625033679025916;-334604.819501124;-0.0785313622384;-0.508731249150705;0.140961160553179;-0.0785313622384
CL27Co1;Global;15/01/2014;11/02/2016;216564.660837573;0.0611367362554196;0.0290253654096917;0.103749082224409;-0.132387683667845;0.052632332302213;383874.695380519;0.108368770397911;0.0508609664590274;0.0915811219149201;-0.131478167101621
CL27Co2;2014;15/01/2014;31/12/2014;377698.613981921;0.0733523555537707;0.0766135500273011;0.0743026812071843;-0.0699290479602892;0.0645565859805176;809819.134993442;0.157273918741808;0.164541201343825;0.127831792559181;-0.0854574922646235
CL27Co2;2015;31/12/2014;31/12/2015;444092.686201537;0.0803526086653588;0.0803526086653588;0.115910219100231;-0.101895958017285;0.101237415870717;496857.781782434;0.0833805209513019;0.0833805209513019;0.201330942991287;-0.191624215140386
CL27Co2;2016;31/12/2015;11/02/2016;-691514.238560448;-0.115814240084927;-0.656886583611716;0.177983464926771;-0.115815126614736;0.115840127036492;-1083554.87385321;-0.167842676074742;-0.797442991420806;0.275525140669431;-0.167842676074742
CL27Co2;Global;15/01/2014;11/02/2016;130277.06162301;0.0253009383432075;0.0121203551214266;0.104714620800599;-0.156641654799265;0.0874086995287458;223122.042922665;0.0433322411533406;0.0206639440701526;0.177997523488811;-0.245527781068594
CL27Co3;2014;12/06/2014;31/12/2014;-5526.31729651404;-0.0552631729651404;-0.0976221881486281;0.111843203036894;-0.150310103711508;0.0797088884137472;9791.73142679523;0.0979173142679524;0.183876818955048;0.142364594635743;-0.0854574922646234
CL27Co3;2015;31/12/2014;31/12/2015;11823.4556377027;0.125150785905231;0.125150785905231;0.15084155970099;-0.14613738843493;0.106421554140723;9154.49176251171;0.0833805209513028;0.0833805209513028;0.201330942991287;-0.191624215140386
CL27Co3;2016;31/12/2015;11/02/2016;-8877.76612323147;-0.0835183925152899;-0.531362126883581;0.11598568511998;-0.0835183925152899;0.176642753840174;-19964.2524090768;-0.167842676074742;-0.797442991420805;0.275525140669431;-0.167842676074742
CL27Co3;Global;12/06/2014;11/02/2016;-2580.62778204282;-0.0258062778204282;-0.0155477546146188;0.137274788817725;-0.167146952195196;0.10593898177071;-1018.02921976986;-0.0101802921976986;-0.00611399164996251;0.191609555960438;-0.245527781068594
CL28Co1;2014;16/10/2014;31/12/2014;985893.390175573;0.161193778845619;1.04980884981921;0.149769318082994;-0.0591679888519357;0.0959238668497524;818765.778491177;0.1338683788122;0.828286601943425;0.169535083650852;-0.0664648313736536
CL28Co1;2015;31/12/2014;31/12/2015;818356.29322037;0.115227475655616;0.115227475655616;0.17864743262926;-0.167989352266282;0.0939115732635392;578241.05939005;0.0833805209513026;0.0833805209513026;0.201330942991287;-0.191624215140387
CL28Co1;2016;31/12/2015;11/02/2016;-860496.376497044;-0.108642363867414;-0.631932049521403;0.172924552425907;-0.108644796458057;0.175607963114866;-1261036.74157304;-0.167842676074742;-0.797442991420806;0.275525140669431;-0.167842676074742
CL28Co1;Global;16/10/2014;11/02/2016;943753.306898898;0.154303866272996;0.114538147125889;0.175245152743296;-0.167989352266282;0.103780124207518;135970.096308189;0.0222311396468706;0.0167547230709604;0.206138235428028;-0.245527781068594
CL28Co2;2014;16/10/2014;31/12/2014;110543.261791122;0.121422739225749;0.733899378159547;0.122137873063929;-0.0519816560850516;0.081095528712203;121873.772070627;0.1338683788122;0.828286601943425;0.169535083650852;-0.0664648313736532
CL28Co2;2015;31/12/2014;31/12/2015;101838.78821243;0.0997497040469868;0.0997497040469868;0.150175936800093;-0.143491168882173;0.100808927375622;86071.5248796132;0.0833805209513008;0.0833805209513008;0.201330942991287;-0.191624215140386
CL28Co2;2016;31/12/2015;11/02/2016;-159926.598991449;-0.142437794575486;-0.736944995705779;0.245786799613463;-0.148832117124023;0.13631707647219;-187706.06741573;-0.167842676074742;-0.797442991420806;0.275525140669431;-0.167842676074742
CL28Co2;Global;16/10/2014;11/02/2016;52455.4510121028;0.0576180261556489;0.0432422125630894;0.158710069302461;-0.204311082445115;0.101402015387275;20239.2295345095;0.0222311396468688;0.016754723070959;0.206138235428028;-0.245527781068595
CL28Co3;2014;16/10/2014;31/12/2014;101459.208769018;0.0684332987785092;0.374242077752381;0.0739644951173074;-0.0335842055729096;0.0404906420659384;120391.968800837;0.081203270471359;0.454938088209873;0.0862144160373003;-0.0310802765258206
CL28Co3;2015;31/12/2014;31/12/2015;111884.147847502;0.0706312915755516;0.0706312915755516;0.0931210116193798;-0.0867778332809513;0.0519695853593125;86546.1013373714;0.0539903524295975;0.0539903524295975;0.104238767261046;-0.115836997494576
CL28Co3;2016;31/12/2015;11/02/2016;-139770.294409889;-0.0824144826916489;-0.526433759969883;0.118478244162288;-0.0824160657334659;0.0574952096754147;-132681.72620159;-0.0785313622383997;-0.508731249150704;0.140961160553179;-0.0785313622383997
CL28Co3;Global;16/10/2014;11/02/2016;73573.0622066308;0.0496243506047691;0.0372780345211767;0.0939475193044622;-0.118753048757932;0.0507511594821866;74256.3439366177;0.0500852178177646;0.0376221938455834;0.106199279539244;-0.131478167101621
CL29Co1;2015;12/06/2015;31/12/2015;-89369.9531865548;-0.0153794447059981;-0.0276169827831553;0.050677973732953;-0.0447240821906346;0.0730680472837282;170493.038541975;0.0293397072004775;0.0536412085600322;0.0449432485378467;-0.0180200860832137
CL29Co1;2016;31/12/2015;11/02/2016;-274264.855342154;-0.047934741166095;-0.347465287007254;0.0655187964638624;-0.0479393777403936;0.0693623434381113;106601.553630117;0.0178218971322421;0.165927397555333;0.0303270633542078;-0.00352633375042666
CL29Co1;Global;12/06/2015;11/02/2016;-363634.808528709;-0.0625769761708328;-0.0921409193786161;0.05409820009851;-0.0739873344189476;0.0731553194277966;277094.592172093;0.0476844935763368;0.0721680521354717;0.0427689862179263;-0.0180200860832137
CL30Co1;2014;27/05/2014;31/12/2014;115988.409326168;0.0239274696908029;0.0403844070494197;0.0541742978776992;-0.0499656949382289;0.0357989754825231;466673.355420181;0.0962709345890007;0.166366441627675;0.0704639068535995;-0.0409036006688476
CL30Co1;2015;31/12/2014;31/12/2015;269816.307276892;0.0543602170541828;0.0543602170541828;0.0743399908436737;-0.0721977191854125;0.0622081492699833;286914.092331113;0.0539903524295977;0.0539903524295977;0.104238767261046;-0.115836997494577
CL30Co1;2016;31/12/2015;11/02/2016;-153535.298587287;-0.0293381155697249;-0.228004879124052;0.0410775798528156;-0.0293420574335295;0.10584656719411;-439861.02728831;-0.0785313622383996;-0.508731249150703;0.140961160553179;-0.0785313622383996
CL30Co1;Global;27/05/2014;11/02/2016;232269.418015772;0.0479153002611186;0.0277097811992597;0.0661333142605558;-0.0788366707500262;0.0591206401545022;313726.420462984;0.0647192203121163;0.0373021902628832;0.0975015738458812;-0.131478167101621
CL31Co1;2013;13/09/2013;31/12/2013;42189.301343684;0.0544167436394738;0.194151739451366;0.0739345404978533;-0.0323794805659859;0.0573195940087891;28273.1247839613;0.0364673349464224;0.127430861180254;0.0956574406029536;-0.046086380936621
CL31Co1;2014;31/12/2013;31/12/2014;-8909.58142398403;-0.0108987131811261;-0.0108987131811261;0.120400067574611;-0.14439861086841;0.0740737818663825;142973.574144488;0.177922294480575;0.177922294480575;0.126395771096788;-0.0854574922646234
CL31Co1;2015;31/12/2014;31/12/2015;67680.2411600968;0.0837026201532955;0.0837026201532955;0.130717822790665;-0.116876628291533;0.107718303192834;78923.5568613893;0.0833805209513021;0.0833805209513021;0.201330942991287;-0.191624215140387
CL31Co1;2016;31/12/2015;11/02/2016;-89244.1818647261;-0.101846695990483;-0.606818218249953;0.177536342469809;-0.101846695990483;0.13369742574058;-172117.671966817;-0.167842676074742;-0.797442991420805;0.275525140669431;-0.167842676074742
CL31Co1;Global;13/09/2013;11/02/2016;11715.7792150706;0.0151112849414041;0.00623314831931654;0.12396832560351;-0.166389591111541;0.0917256456180853;78052.5838230216;0.10067404078811;0.040541221533789;0.168800940603258;-0.245527781068594
CL31Co2;2013;13/09/2013;31/12/2013;139452.815242466;0.0263267538686929;0.090916215000856;0.0370521087380364;-0.0120153049841601;0.0435294406820502;119001.293484918;0.022465790727755;0.0772342584788337;0.0257565683180596;-0.00847065051948948
CL31Co2;2014;31/12/2013;31/12/2014;149877.202293;0.0275689327924968;0.0275689327924968;0.0337652213811056;-0.045904259237567;0.0430860572124508;707877.391245144;0.130701111924894;0.130701111924894;0.0264431517416674;-0.00991775520077443
CL31Co2;2015;31/12/2014;31/12/2015;168052.193690327;0.0300827543598055;0.0300827543598055;0.0482824365170562;-0.049612659406866;0.0658187039473956;87988.8351827906;0.014368154516547;0.014368154516547;0.0459105915490489;-0.0610738633162434
CL31Co2;2016;31/12/2015;11/02/2016;-308819.270124453;-0.0536667984135639;-0.380827549551528;0.0726376143044388;-0.0536700861690095;0.0752932737622645;110707.263939004;0.0178218971322424;0.165927397555335;0.0303270633542078;-0.00352633375042655
CL31Co2;Global;13/09/2013;11/02/2016;148562.94110134;0.0280466190487709;0.0115257199668717;0.0435060056600899;-0.0792013767587716;0.0558922650351944;1025574.78385186;0.193614269181019;0.0760808539745024;0.03598680276408;-0.0610738633162434
CL31Co3;2014;12/02/2014;31/12/2014;19624.8786666481;0.0378493320475373;0.0430110078085204;0.0277325348756932;-0.0173946063260128;0.0391770897140611;56099.7781258138;0.108196293395977;0.123504517660238;0.0271806078789262;-0.00991775520077454
CL31Co3;2015;31/12/2014;31/12/2015;13079.8397670574;0.0243063279279456;0.0243063279279456;0.0347125078095547;-0.0309511850714823;0.0564013804268224;8255.93839728552;0.0143681545165473;0.0143681545165473;0.0459105915490489;-0.0610738633162426
CL31Co3;2016;31/12/2015;11/02/2016;-17881.5611283697;-0.0324408709330024;-0.249188727385616;0.0487837105357812;-0.0324461290219651;0.054036181751723;10387.594622814;0.0178218971322424;0.165927397555335;0.0303270633542078;-0.00352633375042666
CL31Co3;Global;12/02/2014;11/02/2016;14823.1573053357;0.0285885386795288;0.0142131486278256;0.0330846386042164;-0.0459702385971062;0.0496910214665553;74743.3111459134;0.144152962672929;0.0697496604147658;0.0379630281241073;-0.0610738633162426
CL32Co1;2014;13/10/2014;31/12/2014;487894.321892966;0.104968657894356;0.585943779526796;0.134568391541708;-0.0556089488882477;0.0748446195262748;473028.15253841;0.101770256570226;0.564844828929796;0.17735838257832;-0.0664648313736536
CL32Co1;2015;31/12/2014;31/12/2015;639462.307961178;0.124508462963367;0.124508462963367;0.161956792311875;-0.137860522264679;0.0865329631752719;426993.995164935;0.0833805209513019;0.0833805209513019;0.201330942991287;-0.191624215140387
CL32Co1;2016;31/12/2015;11/02/2016;-942871.300306213;-0.163257675800018;-0.787536009510896;0.253719830811737;-0.163257675800018;0.116968405238053;-931194.884192468;-0.167842676074742;-0.797442991420806;0.275525140669431;-0.167842676074742
CL32Co1;Global;13/10/2014;11/02/2016;184485.329547931;0.0396913359612587;0.029664429656423;0.169886953292039;-0.219230702055809;0.0875120633656495;-31172.7364891218;-0.00670669890041342;-0.00504114112204557;0.206693125349272;-0.245527781068594
CL32Co2;2014;13/10/2014;31/12/2014;26468.3707746723;0.0202033209485324;0.096818848831953;0.0380642402495531;-0.000701324948306881;0.0472997215330475;34359.6446700517;0.0262267343485625;0.127059917155626;0.0266156586681377;-0.00974905217548294
CL32Co2;2015;31/12/2014;31/12/2015;17248.4888126619;0.0129050553565506;0.0129050553565506;0.0308928755817105;-0.0292220182309038;0.0547927673333865;19317.4039158814;0.0143681545165473;0.0143681545165473;0.0459105915490489;-0.061073863316243
CL32Co2;2016;31/12/2015;11/02/2016;-53394.3224537794;-0.0394398415676807;-0.295095658794848;0.0576863196765473;-0.0394444703776058;0.0621294971755864;24305.0942712116;0.0178218971322424;0.165927397555335;0.0303270633542078;-0.00352633375042677
CL32Co2;Global;13/10/2014;11/02/2016;-9677.46286644507;-0.00738681235512184;-0.0055528260267429;0.0356564094535545;-0.0533985691436707;0.0548211336637904;77982.1428571448;0.0595238095238111;0.0443807889389776;0.0421910428401449;-0.061073863316243
CL33Co1;2013;13/05/2013;31/12/2013;88385.094946194;0.0320050314839926;0.0508125930534622;0.0483502611774093;-0.050391892336623;0.0436712715130564;44498.7560150874;0.0161133965871552;0.0254676391649014;0.0703344092811469;-0.0696645042165469
CL33Co1;2014;31/12/2013;31/12/2014;109756.798804412;0.0385113588836099;0.0385113588836099;0.0520305212586993;-0.0630332187880728;0.0356119297044071;439314.72403636;0.156557114426089;0.156557114426089;0.0645259374612117;-0.0409036006688478
CL33Co1;2015;31/12/2014;31/12/2015;214250.363984281;0.0723881918341134;0.0723881918341134;0.0790561446953773;-0.0680979188228942;0.0570298918614465;175221.017567739;0.0539903524295959;0.0539903524295959;0.104238767261046;-0.115836997494577
CL33Co1;2016;31/12/2015;11/02/2016;-250889.955594957;-0.0790455474437748;-0.511108472793172;0.108288904339308;-0.0790461953072805;0.0648547554645683;-268627.086817698;-0.0785313622383994;-0.508731249150703;0.140961160553179;-0.0785313622383994
CL33Co1;Global;13/05/2013;11/02/2016;161502.30213993;0.0584814245871705;0.020877163518384;0.065937421904409;-0.112255978473098;0.047558065875209;390407.410801489;0.141370006808187;0.049245578553331;0.0865597730461661;-0.131478167101621
CL33Co2;2013;01/11/2013;31/12/2013;3092.92637812349;0.0155501577582879;0.0984156599270651;0.0844144568678873;-0.0399639423344863;0.0564614158186168;2230.30941741838;0.0112132197959698;0.0701877934842863;0.0954325657652055;-0.0460863809366207
CL33Co2;2014;31/12/2013;31/12/2014;13727.2953640331;0.0679592875363173;0.0679592875363173;0.100938621277747;-0.102914934438414;0.0650505182352427;35785.566141135;0.177922294480575;0.177922294480575;0.126395771096788;-0.0854574922646237
CL33Co2;2015;31/12/2014;31/12/2015;21054.297197506;0.0976000164818647;0.0976000164818647;0.152860270946007;-0.119309306397346;0.0958396388312082;19754.1691257061;0.0833805209513023;0.0833805209513023;0.201330942991287;-0.191624215140387
CL33Co2;2016;31/12/2015;11/02/2016;-35769.6702214515;-0.151070606675234;-0.759087086397517;0.257143359334267;-0.151070606675234;0.106769885743133;-43080.1871680297;-0.167842676074742;-0.797442991420806;0.275525140669431;-0.167842676074742
CL33Co2;Global;01/11/2013;11/02/2016;2104.84871821103;0.0105824470498292;0.00462882717039048;0.137211094830224;-0.218376988521951;0.0817233331340921;14689.8575162297;0.0738554927915018;0.0317536187644554;0.172133321088067;-0.245527781068594
CL34Co1;2014;11/04/2014;31/12/2014;80693.1925462754;0.0255156340067275;0.0354485845794414;0.0209429486029261;-0.00253350983509404;0.0341020647180008;269824.08768454;0.0853198696235697;0.119853698453183;0.0276215654300733;-0.0099177552007742
CL34Co1;2015;31/12/2014;31/12/2015;-19680.072661417;-0.00606811604891355;-0.00606811604891355;0.0219481293030136;-0.0240765623116665;0.0519739305538623;49316.1628427151;0.0143681545165462;0.0143681545165462;0.0459105915490489;-0.0610738633162433
CL34Co1;2016;31/12/2015;11/02/2016;-95229.473500581;-0.0295421392620181;-0.229413907594315;0.0424712976063185;-0.0295461490887599;0.0489963646052311;62049.4343963712;0.0178218971322424;0.165927397555335;0.0303270633542078;-0.00352633375042655
CL34Co1;Global;11/04/2014;11/02/2016;-34216.3536157226;-0.0108194003527977;-0.00589996286077887;0.0236744703596073;-0.0398363114981006;0.0458511451819367;381189.684923626;0.120534287722886;0.0638625322547559;0.0388726302345887;-0.0610738633162433
CL35Co1;2012;17/08/2012;31/12/2012;276988.661216611;0.0488318074179099;0.136503679564305;0.0485020937308486;-0.0117661122137382;0.0390570111602535;10701.1599925821;0.00188656453159775;0.0050712517336291;0.0520883500187052;-0.0195127251164653
CL35Co1;2013;31/12/2012;31/12/2013;656222.08853944;0.110302613624609;0.110302613624609;0.0644991655689833;-0.0741191711375853;0.04482350487526;603827.841099259;0.106251578013059;0.106251578013059;0.0644039965661941;-0.0696645042165466
CL35Co1;2014;31/12/2013;31/12/2014;466427.222727809;0.0706118331190415;0.0706118331190415;0.0658122642198361;-0.0565090241189365;0.0377955120188931;984247.807301195;0.15655711442609;0.15655711442609;0.0645259374612117;-0.0409036006688477
CL35Co1;2015;31/12/2014;31/12/2015;641392.61452219;0.0906954525078951;0.0906954525078951;0.118602801508921;-0.0986333960921847;0.0591751238437302;392567.999427818;0.0539903524295982;0.0539903524295982;0.104238767261046;-0.115836997494576
CL35Co1;2016;31/12/2015;11/02/2016;-780206.694404379;-0.101150428547523;-0.604161426720716;0.171967501333288;-0.101150428547523;0.0732555564049803;-601836.466469412;-0.0785313622383998;-0.508731249150705;0.140961160553179;-0.0785313622383998
CL35Co1;Global;17/08/2012;11/02/2016;1260823.89260167;0.222277364138298;0.0592383318021117;0.0881527942438179;-0.136381492685744;0.0483439484060838;1389508.34135144;0.244963831488363;0.0648385014516999;0.0805703694440922;-0.13147816710162
CL35Co2;2013;02/10/2013;31/12/2013;24986.8981737478;0.0294969875737785;0.125127433378438;0.0508496509344501;-0.0241267583569817;0.00056521340214306;25088.3833649423;0.029616790656289;0.125658528354397;0.0505877701199662;-0.0238053559064149
CL35Co2;2014;31/12/2013;31/12/2014;134988.539831648;0.154787946148865;0.154787946148865;0.0656057049628596;-0.0417103111726104;0.00144631390439666;136547.29653557;0.156557114426088;0.156557114426088;0.0645259374612117;-0.0409036006688477
CL35Co2;2015;31/12/2014;31/12/2015;50631.2947751476;0.050275573074672;0.050275573074672;0.110146044370358;-0.122400369633351;0.00687756787840153;54461.9948661364;0.0539903524295957;0.0539903524295957;0.104238767261046;-0.115836997494578
CL35Co2;2016;31/12/2015;11/02/2016;-86546.9228187589;-0.081825065622151;-0.523783592052057;0.143831935208984;-0.081825065622151;0.00469749773972896;-83494.3617281236;-0.0785313622383994;-0.508731249150703;0.140961160553179;-0.0785313622383994
CL35Co2;Global;02/10/2013;11/02/2016;124059.809961785;0.1464523786587;0.0595790172513377;0.0911871261012272;-0.141325593444779;0.00470090142435454;132603.313038525;0.156537968408128;0.0635160270405102;0.0875826522448387;-0.131478167101622
CL36Co1;2011;10/06/2011;30/12/2011;159032.12555371;0.018724862011952;0.0339190892715204;0.0730821490987436;-0.052862605740624;0.0721397592627471;111139.166159455;0.0130858186244662;0.0236514343699499;0.0634077356182562;-0.068337633615924
CL36Co1;2012;30/12/2011;31/12/2012;526748.643989179;0.0608807905780182;0.0608807905780182;0.0587635564817423;-0.0625118420284431;0.0484812976927217;906559.593730986;0.105361970561731;0.105361970561731;0.0412327492651245;-0.0243867553457774
CL36Co1;2013;31/12/2012;31/12/2013;428880.839688426;0.0467247424230115;0.0467247424230115;0.0476735639992426;-0.0450266485011258;0.0387149795201084;193847.382836288;0.0203818194170813;0.0203818194170813;0.0316714595804925;-0.0411373658921874
CL36Co1;2014;31/12/2013;31/12/2014;653806.175081242;0.0680497915823652;0.0680497915823652;0.0646118354214296;-0.0515654449341142;0.0626797725227323;1268408.04169201;0.130701111924893;0.130701111924893;0.0264431517416674;-0.00991775520077431
CL36Co1;2015;31/12/2014;31/12/2015;26567.5189951155;0.00258903118446785;0.00258903118446785;0.0714607475208157;-0.088531881533913;0.068652018391397;157662.538040154;0.0143681545165455;0.0143681545165455;0.0459105915490489;-0.061073863316243
CL36Co1;2016;31/12/2015;11/02/2016;-212819.630808154;-0.0206859284538892;-0.166111830978759;0.0866685769744559;-0.0313584923743072;0.080833632614495;198370.488435794;0.0178218971322426;0.165927397555337;0.0303270633542078;-0.00352633375042666
CL36Co1;Global;10/06/2011;11/02/2016;1582215.67249952;0.186294247389;0.0372041043539502;0.0634042970474516;-0.088531881533913;0.0587330483031141;2835987.21089468;0.333916615946437;0.0635445676498019;0.0410133581861286;-0.068337633615924
CL36Co2;2011;15/08/2011;30/12/2011;214331.438373061;0.107165719186531;0.311573926268344;0.222810569502163;-0.0885888811176223;0.252582517477073;202103.227366131;0.101051613683066;0.292365687205267;0.224980154489117;-0.0684548104956268
CL36Co2;2012;30/12/2011;31/12/2012;376385.989494085;0.169977259488592;0.169977259488592;0.145654831129628;-0.135974761323129;0.148276475785971;224102.502115316;0.101767482709409;0.101767482709409;0.116259634771748;-0.0772055175151327
CL36Co2;2013;31/12/2012;31/12/2013;600814.356827256;0.231910416151362;0.231910416151362;0.110347637619298;-0.06591386922294;0.125278404630065;473347.032515412;0.195097648465524;0.195097648465524;0.11889719391137;-0.104380475594493
CL36Co2;2014;31/12/2013;31/12/2014;785371.020964083;0.246079648879099;0.246079648879099;0.125427585458621;-0.0764391880445623;0.115454390250262;515895.080381969;0.177922294480575;0.177922294480575;0.126395771096788;-0.0854574922646236
CL36Co2;2015;31/12/2014;31/12/2015;123193.570878631;0.0309772646953672;0.0309772646953672;0.187938030666528;-0.179022401091046;0.161265764262968;284781.820379545;0.0833805209513012;0.0833805209513012;0.201330942991287;-0.191624215140386
CL36Co2;2016;31/12/2015;11/02/2016;-583357.32583954;-0.142278930119256;-0.736521196019311;0.263377772995529;-0.142278930119256;0.264766106492075;-621056.448688506;-0.167842676074742;-0.797442991420806;0.275525140669431;-0.167842676074742
CL36Co2;Global;15/08/2011;11/02/2016;1516739.05069758;0.758369525348789;0.133753682334122;0.157551864333808;-0.236010658813063;0.155457412639027;1079173.21406987;0.539586607034934;0.100736652835228;0.158307954252428;-0.245527781068595
CL36Co3;2012;17/08/2012;31/12/2012;54187.7169495276;0.0325823564124392;0.0898618174028429;0.0317671488274561;-0.00503568519833042;0.0430521894353277;75477.3366477275;0.045383522727273;0.126503237858377;0.0268220143911356;-0.00665359294018764
CL36Co3;2013;31/12/2012;31/12/2013;118951.081615784;0.0692668330657371;0.0692668330657371;0.0358766410703408;-0.0308026093414538;0.0421332714107758;35435.3693181823;0.0203818194170802;0.0203818194170802;0.0316714595804925;-0.0411373658921873
CL36Co3;2014;31/12/2013;31/12/2014;56680.1394950833;0.0308675209016216;0.0308675209016216;0.0339047843534706;-0.0459042592375668;0.043206394376393;231865.433238635;0.130701111924894;0.130701111924894;0.0264431517416674;-0.00991775520077431
CL36Co3;2015;31/12/2014;31/12/2015;56944.2154366949;0.0300827543598057;0.0300827543598057;0.0482824365170562;-0.0496126594068658;0.0658187039473957;28820.7670454517;0.0143681545165455;0.0143681545165455;0.0459105915490489;-0.0610738633162431
CL36Co3;2016;31/12/2015;11/02/2016;-104642.912792765;-0.0536667984135644;-0.380827549551531;0.0726376143044385;-0.0536700861690097;0.0752932737622643;36262.1946022741;0.0178218971322426;0.165927397555337;0.0303270633542078;-0.00352633375042655
CL36Co3;Global;17/08/2012;11/02/2016;182120.240704324;0.109506488307573;0.0302433558322897;0.0409090009261887;-0.0792013767587713;0.0521061738458909;407861.100852271;0.245241477272726;0.0649065859147442;0.0347296855252052;-0.0610738633162431
CL37Co1;2015;04/02/2015;31/12/2015;-19208.2653028522;-0.0169489678839251;-0.0187296503039325;0.186052596222949;-0.188157128469046;0.0997953345145039;17671.3887598707;0.0155928604604878;0.0172608440658901;0.203598239484681;-0.191624215140385
CL37Co1;2016;31/12/2015;11/02/2016;-156163.485122182;-0.140171119000926;-0.7308407580002;0.259657899327671;-0.140171119000926;0.109147094400657;-193182.117974919;-0.167842676074742;-0.797442991420805;0.275525140669431;-0.167842676074742
CL37Co1;Global;04/02/2015;11/02/2016;-175371.750425034;-0.154744331090651;-0.152066151481845;0.196671712769057;-0.228887311433056;0.100861289131752;-175510.729215048;-0.154866963041602;-0.152186857252984;0.214502076587421;-0.245527781068593
CL37Co2;2015;04/02/2015;31/12/2015;39999.2714478541;0.0199996357239272;0.0221441317398936;0.051511969749391;-0.0431823657578607;0.0684140256263168;-16808.6576099481;-0.0084043288049741;-0.00929154365042739;0.0464381158014608;-0.0610738633162429
CL37Co2;2016;31/12/2015;11/02/2016;-97172.6218806303;-0.0476336551883491;-0.345669730092563;0.0710675729363214;-0.0476376002824377;0.07373166066011;35344.2320976287;0.0178218971322421;0.165927397555333;0.0303270633542078;-0.00352633375042666
CL37Co2;Global;04/02/2015;11/02/2016;-57173.3504327761;-0.028586675216388;-0.0280563722337761;0.0545836395815646;-0.0659078257507543;0.0698757533798506;18535.5744876805;0.00926778724384025;0.00909260296594039;0.0449757388635232;-0.0610738633162429
CL38Co1;2011;07/09/2011;30/12/2011;20926.5926873804;0.020735823114725;0.0679191616824713;0.0233181947937658;-0.0102865267552936;0.070698345366243;-12499.9184157836;-0.0123859675146488;-0.0391187692375244;0.0690690475382741;-0.0650292224606053
CL38Co1;2012;30/12/2011;31/12/2012;73854.569909338;0.0716946542625088;0.0716946542625088;0.0194202701417771;-0.00930919323803259;0.0437260252141274;105014.28465475;0.10536197056173;0.10536197056173;0.0412327492651245;-0.0243867553457774
CL38Co1;2013;31/12/2012;31/12/2013;68768.3058260127;0.062291194955048;0.062291194955048;0.0269692741673032;-0.0299332913488475;0.0373839001200478;22454.943261885;0.0203818194170797;0.0203818194170797;0.0316714595804925;-0.0411373658921872
CL38Co1;2014;31/12/2013;31/12/2014;56342.3517170404;0.0480429565172322;0.0480429565172322;0.0261930427866215;-0.0200255184610465;0.0366683753218643;146930.178743602;0.130701111924895;0.130701111924895;0.0264431517416674;-0.00991775520077443
CL38Co1;2015;31/12/2014;31/12/2015;49415.7755497859;0.040205113027411;0.040205113027411;0.0431486038334522;-0.0536676892045377;0.0567696034781383;18263.3538530017;0.0143681545165482;0.0143681545165482;0.0459105915490489;-0.0610738633162433
CL38Co1;2016;31/12/2015;11/02/2016;-24590.3065918488;-0.0192336022677958;-0.155303186023232;0.0320069162911392;-0.0192389946713124;0.0393920775125514;22978.8919379962;0.0178218971322421;0.165927397555333;0.0303270633542078;-0.00352633375042655
CL38Co1;Global;07/09/2011;11/02/2016;244717.289097709;0.242486414088098;0.0501975088753188;0.029852555476378;-0.0536676892045377;0.046717456872885;303141.734035452;0.300378254097753;0.0610422010393659;0.0401135321261046;-0.0650292224606053
CL39Co1;2014;14/11/2014;31/12/2014;22051.7132926089;0.0206592779582246;0.172108511317039;0.137483250674189;-0.0517545284448783;0.109557878630869;25245.2334034899;0.0236511461527917;0.199056980298704;0.0913491873987725;-0.0310802765258206
CL39Co1;2015;31/12/2014;31/12/2015;88667.3107554046;0.0813870956129197;0.0813870956129197;0.148075442333731;-0.148653767478135;0.11772862282722;58992.3012319728;0.0539903524295962;0.0539903524295962;0.104238767261046;-0.115836997494577
CL39Co1;2016;31/12/2015;11/02/2016;-75339.8933642153;-0.0639493054830297;-0.436909945223383;0.140313009403517;-0.074486213306005;0.123419838211222;-90439.6643997957;-0.0785313622384002;-0.508731249150706;0.140961160553179;-0.0785313622384002
CL39Co1;Global;14/11/2014;11/02/2016;35379.1306837983;0.0331451477269986;0.0265620815444765;0.146387514879553;-0.186083202922887;0.117124079301867;-6202.1297643329;-0.00581050193398247;-0.00467410549433322;0.107468185127474;-0.131478167101622
CL39Co2;2014;14/11/2014;31/12/2014;35183.3800982525;0.0234555867321684;0.197279188386274;0.0535940369999226;-0.0161602962793601;0.0593433802180617;33501.8963337545;0.0223345975558364;0.187132740171126;0.021090575188348;-0.00258755566253466
CL39Co2;2015;31/12/2014;31/12/2015;64818.0831446093;0.0422217202093869;0.0422217202093869;0.0485612931802597;-0.0498257658112595;0.0663406514951898;22033.5921979402;0.0143681545165464;0.0143681545165464;0.0459105915490489;-0.0610738633162432
CL39Co2;2016;31/12/2015;11/02/2016;-85866.9559892635;-0.0536667984135649;-0.380827549551534;0.072637614304439;-0.0536700861690103;0.0752932737622647;27722.593462164;0.0178218971322421;0.165927397555333;0.0303270633542078;-0.00352633375042655
CL39Co2;Global;14/11/2014;11/02/2016;14134.5072535984;0.00942300483573222;0.00756879282005474;0.0524659150376001;-0.0794078484523523;0.0673418821394614;83258.0819938588;0.0555053879959058;0.0443868109140093;0.0428534673763377;-0.0610738633162432
CL40Co1;2012;24/08/2012;31/12/2012;8742.28005451441;0.0116114756999792;0.0332042508589823;0.0787087713084675;-0.0435757683871366;0.0584327160754852;-14350.0635324024;-0.0190597204574344;-0.0529934072832532;0.103844972300671;-0.0507918115102362
CL40Co1;2013;31/12/2012;31/12/2013;152776.096318535;0.20058773038125;0.20058773038125;0.092062189553024;-0.0749419757075603;0.066740161573129;144089.355879191;0.195097648465525;0.195097648465525;0.11889719391137;-0.104380475594493
CL40Co1;2014;31/12/2013;31/12/2014;137761.373630992;0.150654642547112;0.150654642547112;0.106300103136807;-0.084974095390515;0.0573708284878706;157041.208093051;0.177922294480575;0.177922294480575;0.126395771096788;-0.0854574922646237
CL40Co1;2015;31/12/2014;31/12/2015;122328.681407692;0.116262151412077;0.116262151412077;0.159838306474783;-0.143273096184513;0.0735116740854591;86689.1017495866;0.0833805209513043;0.0833805209513043;0.201330942991287;-0.191624215140385
CL40Co1;2016;31/12/2015;11/02/2016;-196389.166743114;-0.16720966958667;-0.796100028015421;0.252772874866638;-0.16720966958667;0.120016374728787;-189052.888280716;-0.167842676074742;-0.797442991420805;0.275525140669431;-0.167842676074742
CL40Co1;Global;24/08/2012;11/02/2016;225219.26466862;0.299135694871324;0.0783697385191311;0.126757595778068;-0.207591283563611;0.0677702289676429;184416.713908711;0.244941843417068;0.0652030274971287;0.155596796957133;-0.245527781068593
CL40Co2;2012;06/11/2012;31/12/2012;22354.774904844;0.0223547749048441;0.158030255421165;0.0376087761128895;-0.014216679311063;0.0366199486776921;-916.611615015543;-0.00091661161501555;-0.00606727684108754;0.0522060212499338;-0.0195127251164653
CL40Co2;2013;31/12/2012;31/12/2013;136656.224078904;0.133668103708543;0.133668103708543;0.0522634435069515;-0.0530574404817915;0.037584551969989;106154.18658254;0.10625157801306;0.10625157801306;0.0644039965661941;-0.0696645042165461
CL40Co2;2014;31/12/2013;31/12/2014;76016.5122269413;0.0655873950235111;0.0655873950235111;0.0587494569106579;-0.0598503350660546;0.0322012387311787;173032.805492205;0.15655711442609;0.15655711442609;0.0645259374612117;-0.0409036006688478
CL40Co2;2015;31/12/2014;31/12/2015;76914.9882287998;0.0622779553739661;0.0622779553739661;0.0839444478331739;-0.0780802433255167;0.0471179880934351;69014.2683413357;0.0539903524295968;0.0539903524295968;0.104238767261046;-0.115836997494577
CL40Co2;2016;31/12/2015;11/02/2016;-106766.982248538;-0.0813808397046007;-0.521777575730099;0.117661996667058;-0.0813823618422339;0.0524153404060924;-105804.098793231;-0.0785313622383996;-0.508731249150703;0.140961160553179;-0.0785313622383996
CL40Co2;Global;06/11/2012;11/02/2016;205175.517190951;0.205175517190951;0.0588105373390646;0.0682997119774547;-0.117807241423836;0.0399033332920957;241480.550007833;0.241480550007833;0.0684769558628651;0.0821250814965311;-0.131478167101621
CL40Co3;2012;06/11/2012;31/12/2012;40.3974223309342;0.000636179879227372;0.00422949782102555;0.000156854497363204;0;0.105728561330208;-1313.62217017957;-0.0206869633099144;-0.129533602002781;0.105748499115447;-0.0407884465261518
CL40Co3;2013;31/12/2012;31/12/2013;203.435624805912;0.003201673786422;0.003201673786422;0.000130557640230871;0;0.118891024453385;12132.4160811867;0.195097648465526;0.195097648465526;0.11889719391137;-0.104380475594493
CL40Co3;2014;31/12/2013;31/12/2014;14085.6252812135;0.220972360899564;0.220972360899564;0.147500639855715;-0.13986249563196;0.0977844460897759;13222.9703356753;0.177922294480573;0.177922294480573;0.126395771096788;-0.0854574922646233
CL40Co3;2015;31/12/2014;31/12/2015;8252.48338003075;0.106032902673109;0.106032902673109;0.179606954551043;-0.138519327052977;0.110531495838755;7299.27790788444;0.0833805209513021;0.0833805209513021;0.201330942991287;-0.191624215140386
CL40Co3;2016;31/12/2015;11/02/2016;-12227.9919900646;-0.142050606054975;-0.735911042045588;0.254520892525933;-0.142050606054975;0.115420731896011;-15918.3743169399;-0.167842676074742;-0.797442991420806;0.275525140669431;-0.167842676074742
CL40Co3;Global;06/11/2012;11/02/2016;10353.9497183165;0.163054326272701;0.0473389346500299;0.137783508333361;-0.198235749044771;0.109432131091872;15422.6678376269;0.242876658860266;0.0688447389764859;0.158271289751345;-0.245527781068594
CL41Co1;2014;06/02/2014;31/12/2014;147447.164689867;0.0551163145521334;0.0615213419607663;0.0326497259216348;-0.0324639177879108;0.0422245373357264;289253.272430667;0.108123980424143;0.1210323287357;0.0271428651344968;-0.00991775520077443
CL41Co1;2015;31/12/2014;31/12/2015;111293.060850195;0.0394286123474532;0.0394286123474532;0.0641340772276125;-0.0629517936284152;0.0767383970038867;42593.7226753667;0.0143681545165468;0.0143681545165468;0.0459105915490489;-0.0610738633162428
CL41Co1;2016;31/12/2015;11/02/2016;-203504.83930089;-0.0693622990439181;-0.464586996757912;0.0947826246874374;-0.069364247622213;0.0957074253155752;53591.2822185982;0.0178218971322424;0.165927397555335;0.0303270633542078;-0.00352633375042666
CL41Co1;Global;06/02/2014;11/02/2016;55235.3862391714;0.020647198803518;0.0102006292745929;0.0556966834805753;-0.0976700200260777;0.0659025927725928;385438.277324632;0.144078303425775;0.0691263802815028;0.037876877993689;-0.0610738633162428
CL41Co2;2014;06/02/2014;31/12/2014;255839.54177331;0.08527984725777;0.0953452268746164;0.124626786496339;-0.122496772307588;0.0809288478749169;475540.668746327;0.158513556248776;0.177902864873197;0.0646920420649829;-0.0409036006688477
CL41Co2;2015;31/12/2014;31/12/2015;155276.662963895;0.0476917430885806;0.0476917430885806;0.193414019074364;-0.262771442786947;0.125567342083067;187645.665589012;0.0539903524295973;0.0539903524295973;0.104238767261046;-0.115836997494577
CL41Co2;2016;31/12/2015;11/02/2016;-526930.48283916;-0.154474503714468;-0.767353570852017;0.269338502915017;-0.154474503714468;0.154845034286222;-287675.012968444;-0.0785313622383996;-0.508731249150703;0.140961160553179;-0.0785313622383996
CL41Co2;Global;06/02/2014;11/02/2016;-115814.278101955;-0.0386047593673182;-0.0193610466308666;0.173013496204787;-0.287645659779429;0.110285341294379;375511.321366895;0.125170440455632;0.0603150973037796;0.0921583262345396;-0.131478167101621
CL42Co1;2012;22/03/2012;31/12/2012;34556.3136220811;0.0498576159602959;0.064527860434519;0.0286112257600638;-0.02320412540393;0.051077047578325;31047.0255848236;0.0447944388758097;0.0579342218524113;0.0638387427978004;-0.0314634017818747
CL42Co1;2013;31/12/2012;31/12/2013;71311.2680510163;0.0980013046214738;0.0980013046214738;0.0289815281743744;-0.0297303821572273;0.0474385574539756;76941.7641818511;0.10625157801306;0.10625157801306;0.0644039965661941;-0.0696645042165465
CL42Co1;2014;31/12/2013;31/12/2014;40573.9674749088;0.0507829959632955;0.0507829959632955;0.0338275849746601;-0.0324639177879109;0.0419758989243148;125416.149324959;0.15655711442609;0.15655711442609;0.0645259374612117;-0.0409036006688479
CL42Co1;2015;31/12/2014;31/12/2015;33101.958290937;0.0394286123474532;0.0394286123474532;0.0641340772276122;-0.0629517936284151;0.0564570086541634;50022.3281893189;0.0539903524295964;0.0539903524295964;0.104238767261046;-0.115836997494577
CL42Co1;2016;31/12/2015;11/02/2016;-60528.5599217139;-0.0693622990439186;-0.464586996757914;0.0947826246874369;-0.0693642476222132;0.0659403684507091;-76688.0165625153;-0.0785313622384;-0.508731249150705;0.140961160553179;-0.0785313622384
CL42Co1;Global;22/03/2012;11/02/2016;119014.947517229;0.171713962656513;0.0415439761079341;0.0450953606013576;-0.0976700200260791;0.049947044328675;206739.250718437;0.298281994976825;0.0693506183474946;0.0797831557154627;-0.131478167101622
CL42Co2;2012;22/03/2012;31/12/2012;336769.912581054;0.0709960814970074;0.0921535993915985;0.0574079074367483;-0.0444580222968011;0.0356190805905544;212482.420807408;0.0447944388758108;0.0579342218524128;0.0638387427978004;-0.031463401781874
CL42Co2;2013;31/12/2012;31/12/2013;614197.816148345;0.120898658283355;0.120898658283355;0.0526234580165771;-0.0544923662917302;0.0377159978023761;526580.95281577;0.10625157801306;0.10625157801306;0.0644039965661941;-0.0696645042165467
CL42Co2;2014;31/12/2013;31/12/2014;341200.297450745;0.0599178560147668;0.0599178560147668;0.0561348002355751;-0.056734989674689;0.0322733214580462;858334.301432614;0.15655711442609;0.15655711442609;0.0645259374612117;-0.0409036006688476
CL42Co2;2015;31/12/2014;31/12/2015;424865.321471176;0.0703924270898089;0.0703924270898089;0.0797080701630396;-0.0737192327724903;0.049623085756381;342347.300196278;0.0539903524295975;0.0539903524295975;0.104238767261046;-0.115836997494576
CL42Co2;2016;31/12/2015;11/02/2016;-500770.829328453;-0.0775123046939313;-0.50398961201175;0.110667553068048;-0.077513892684106;0.0584582782745155;-524844.332079484;-0.0785313622383996;-0.508731249150703;0.140961160553179;-0.0785313622383996
CL42Co2;Global;22/03/2012;11/02/2016;1216262.51832287;0.256406138573388;0.0603828128444268;0.064936581095765;-0.110438992157415;0.0402553321296362;1414900.64317259;0.298281994976829;0.0693506183474952;0.0797831557154627;-0.13147816710162
CL42Co3;2013;05/02/2013;31/12/2013;62056.0611041742;0.0620560611041743;0.06907595070901;0.0371762258123601;-0.0308026093414537;0.0430446666797877;29121.5568041661;0.0291215568041663;0.0323591469061684;0.0321640357914377;-0.0411373658921874
CL42Co3;2014;31/12/2013;31/12/2014;32783.0376648269;0.0308675209016216;0.0308675209016216;0.0339047843534708;-0.0459042592375675;0.0432063943763931;134507.331780181;0.130701111924892;0.130701111924892;0.0264431517416674;-0.00991775520077454
CL42Co3;2015;31/12/2014;31/12/2015;32935.7756717784;0.0300827543598052;0.0300827543598052;0.0482824365170562;-0.0496126594068658;0.0658187039473956;16719.1996710991;0.0143681545165482;0.0143681545165482;0.0459105915490489;-0.061073863316242
CL42Co3;2016;31/12/2015;11/02/2016;-60524.0668424963;-0.0536667984135646;-0.380827549551532;0.072637614304439;-0.05367008616901;0.0752932737622647;21036.0422091274;0.0178218971322424;0.165927397555335;0.0303270633542078;-0.00352633375042655
CL42Co3;Global;05/02/2013;11/02/2016;67250.8075982833;0.0672508075982834;0.0218115728037727;0.0423690467066899;-0.0792013767587719;0.0536096590106641;201384.130464573;0.201384130464573;0.0627127368275193;0.0357756755240106;-0.061073863316242
